sequencerun_pk,run_sra_accession,run_ncbi_trace_link,sample_name,run_ncbi_identifier,run_avg_spot_length,run_bases,run_bytes,run_megabases,run_megabytes,run_num_replicons,run_releasedate,run_releasedate_curated
MDDBSRR000001,SRR1502516,https://trace.ncbi.nlm.nih.gov/Traces/sra/?run=SRR1502516,S075,pooled forest soil sample-S075,473,2104860,4697187,2,4,4,2014-07-09T00:00:00Z,2014-07-09
MDDBSRR000002,SRR1502521,https://trace.ncbi.nlm.nih.gov/Traces/sra/?run=SRR1502521,S080,pooled forest soil sample-S080,459,2667023,6004471,2,5,4,2014-07-09T00:00:00Z,2014-07-09
MDDBSRR000003,SRR1502522,https://trace.ncbi.nlm.nih.gov/Traces/sra/?run=SRR1502522,S081,pooled forest soil sample-S081,467,2803350,6274917,2,5,4,2014-07-09T00:00:00Z,2014-07-09
MDDBSRR000004,SRR1502528,https://trace.ncbi.nlm.nih.gov/Traces/sra/?run=SRR1502528,S087,pooled forest soil sample-S087,469,1841312,4116630,1,3,4,2014-07-09T00:00:00Z,2014-07-09
MDDBSRR000005,SRR1502533,https://trace.ncbi.nlm.nih.gov/Traces/sra/?run=SRR1502533,S092,pooled forest soil sample-S092,458,2545017,5728475,2,5,4,2014-07-09T00:00:00Z,2014-07-09
MDDBSRR000006,SRR1502534,https://trace.ncbi.nlm.nih.gov/Traces/sra/?run=SRR1502534,S093,pooled forest soil sample-S093,446,2239473,5068445,2,4,4,2014-07-09T00:00:00Z,2014-07-09
MDDBSRR000007,SRR1502535,https://trace.ncbi.nlm.nih.gov/Traces/sra/?run=SRR1502535,S094,pooled forest soil sample-S094,452,2202144,4968444,2,4,4,2014-07-09T00:00:00Z,2014-07-09
MDDBSRR000008,SRR1502519,https://trace.ncbi.nlm.nih.gov/Traces/sra/?run=SRR1502519,S078,pooled forest soil sample-S078,462,1982432,4450026,1,4,4,2014-07-09T00:00:00Z,2014-07-09
MDDBSRR000009,SRR1502520,https://trace.ncbi.nlm.nih.gov/Traces/sra/?run=SRR1502520,S079,pooled forest soil sample-S079,473,4281556,9495758,4,9,4,2014-07-09T00:00:00Z,2014-07-09
MDDBSRR000010,SRR1502529,https://trace.ncbi.nlm.nih.gov/Traces/sra/?run=SRR1502529,S088,pooled forest soil sample-S088,465,2145844,4814594,2,4,4,2014-07-09T00:00:00Z,2014-07-09
MDDBSRR000011,SRR1502530,https://trace.ncbi.nlm.nih.gov/Traces/sra/?run=SRR1502530,S089,pooled forest soil sample-S089,465,2568561,5755370,2,5,4,2014-07-09T00:00:00Z,2014-07-09
MDDBSRR000012,SRR1502517,https://trace.ncbi.nlm.nih.gov/Traces/sra/?run=SRR1502517,S076,pooled forest soil sample-S076,466,2351365,5249324,2,5,4,2014-07-09T00:00:00Z,2014-07-09
MDDBSRR000013,SRR1502518,https://trace.ncbi.nlm.nih.gov/Traces/sra/?run=SRR1502518,S077,pooled forest soil sample-S077,460,2690953,6023891,2,5,4,2014-07-09T00:00:00Z,2014-07-09
MDDBSRR000014,SRR1502536,https://trace.ncbi.nlm.nih.gov/Traces/sra/?run=SRR1502536,S095,pooled forest soil sample-S095,465,2086860,4659621,2,4,4,2014-07-09T00:00:00Z,2014-07-09
MDDBSRR000015,SRR1502537,https://trace.ncbi.nlm.nih.gov/Traces/sra/?run=SRR1502537,S096,pooled forest soil sample-S096,472,2258695,5020237,2,4,4,2014-07-09T00:00:00Z,2014-07-09
MDDBSRR000016,SRR1502515,https://trace.ncbi.nlm.nih.gov/Traces/sra/?run=SRR1502515,S074,pooled forest soil sample-S074,467,2485271,5570340,2,5,4,2014-07-09T00:00:00Z,2014-07-09
MDDBSRR000017,SRR1502531,https://trace.ncbi.nlm.nih.gov/Traces/sra/?run=SRR1502531,S090,pooled forest soil sample-S090,444,2288188,5228485,2,4,4,2014-07-09T00:00:00Z,2014-07-09
MDDBSRR000018,SRR1502532,https://trace.ncbi.nlm.nih.gov/Traces/sra/?run=SRR1502532,S091,pooled forest soil sample-S091,444,2770428,6293171,2,6,4,2014-07-09T00:00:00Z,2014-07-09
MDDBSRR000019,SRR1502523,https://trace.ncbi.nlm.nih.gov/Traces/sra/?run=SRR1502523,S082,pooled forest soil sample-S082,464,2455495,5502207,2,5,4,2014-07-09T00:00:00Z,2014-07-09
MDDBSRR000020,SRR1502524,https://trace.ncbi.nlm.nih.gov/Traces/sra/?run=SRR1502524,S083,pooled forest soil sample-S083,466,3346386,7465458,3,7,4,2014-07-09T00:00:00Z,2014-07-09
MDDBSRR000021,SRR1502526,https://trace.ncbi.nlm.nih.gov/Traces/sra/?run=SRR1502526,S085,pooled forest soil sample-S085,467,3383651,7569450,3,7,4,2014-07-09T00:00:00Z,2014-07-09
MDDBSRR000022,SRR1502527,https://trace.ncbi.nlm.nih.gov/Traces/sra/?run=SRR1502527,S086,pooled forest soil sample-S086,467,4135613,9208082,4,8,4,2014-07-09T00:00:00Z,2014-07-09
MDDBSRR000023,SRR1502525,https://trace.ncbi.nlm.nih.gov/Traces/sra/?run=SRR1502525,S084,pooled forest soil sample-S084,457,3369552,7588283,3,7,4,2014-07-09T00:00:00Z,2014-07-09
MDDBSRR000024,SRR1502396,https://trace.ncbi.nlm.nih.gov/Traces/sra/?run=SRR1502396,G2751,pooled forest soil sample-G2751,460,2038173,4582652,2,4,4,2014-07-09T00:00:00Z,2014-07-09
MDDBSRR000025,SRR1502397,https://trace.ncbi.nlm.nih.gov/Traces/sra/?run=SRR1502397,G2754,pooled forest soil sample-G2754,475,2494316,5504645,2,5,4,2014-07-09T00:00:00Z,2014-07-09
MDDBSRR000026,SRR1502398,https://trace.ncbi.nlm.nih.gov/Traces/sra/?run=SRR1502398,G2755,pooled forest soil sample-G2755,469,1800043,4002989,1,3,4,2014-07-09T00:00:00Z,2014-07-09
MDDBSRR000027,SRR1502395,https://trace.ncbi.nlm.nih.gov/Traces/sra/?run=SRR1502395,G2750,pooled forest soil sample-G2750,471,2581948,5730251,2,5,4,2014-07-09T00:00:00Z,2014-07-09
MDDBSRR000028,SRR1502394,https://trace.ncbi.nlm.nih.gov/Traces/sra/?run=SRR1502394,G2749,pooled forest soil sample-G2749,450,1277556,2877426,1,2,4,2014-07-09T00:00:00Z,2014-07-09
MDDBSRR000029,SRR1502392,https://trace.ncbi.nlm.nih.gov/Traces/sra/?run=SRR1502392,G2747,pooled forest soil sample-G2747,471,2484743,5513080,2,5,4,2014-07-09T00:00:00Z,2014-07-09
MDDBSRR000030,SRR1502393,https://trace.ncbi.nlm.nih.gov/Traces/sra/?run=SRR1502393,G2748,pooled forest soil sample-G2748,452,1620698,3647084,1,3,4,2014-07-09T00:00:00Z,2014-07-09
MDDBSRR000031,SRR1502389,https://trace.ncbi.nlm.nih.gov/Traces/sra/?run=SRR1502389,G2744,pooled forest soil sample-G2744,464,1931037,4304569,1,4,4,2014-07-09T00:00:00Z,2014-07-09
MDDBSRR000032,SRR1502390,https://trace.ncbi.nlm.nih.gov/Traces/sra/?run=SRR1502390,G2745,pooled forest soil sample-G2745,469,1836654,4078749,1,3,4,2014-07-09T00:00:00Z,2014-07-09
MDDBSRR000033,SRR1502636,https://trace.ncbi.nlm.nih.gov/Traces/sra/?run=SRR1502636,S207,pooled forest soil sample-S207,448,1494157,3407452,1,3,4,2014-07-09T00:00:00Z,2014-07-09
MDDBSRR000034,SRR1502603,https://trace.ncbi.nlm.nih.gov/Traces/sra/?run=SRR1502603,S173,pooled forest soil sample-S173,476,3095103,6699149,3,6,4,2014-07-09T00:00:00Z,2014-07-09
MDDBSRR000035,SRR1502604,https://trace.ncbi.nlm.nih.gov/Traces/sra/?run=SRR1502604,S174,pooled forest soil sample-S174,493,3149088,6763530,3,6,4,2014-07-09T00:00:00Z,2014-07-09
MDDBSRR000036,SRR1502605,https://trace.ncbi.nlm.nih.gov/Traces/sra/?run=SRR1502605,S175,pooled forest soil sample-S175,496,4245406,9108558,4,8,4,2014-07-09T00:00:00Z,2014-07-09
MDDBSRR000037,SRR1502606,https://trace.ncbi.nlm.nih.gov/Traces/sra/?run=SRR1502606,S176,pooled forest soil sample-S176,478,3464778,7481034,3,7,4,2014-07-09T00:00:00Z,2014-07-09
MDDBSRR000038,SRR1502607,https://trace.ncbi.nlm.nih.gov/Traces/sra/?run=SRR1502607,S177,pooled forest soil sample-S177,479,4406259,9480605,4,9,4,2014-07-09T00:00:00Z,2014-07-09
MDDBSRR000039,SRR1502608,https://trace.ncbi.nlm.nih.gov/Traces/sra/?run=SRR1502608,S178,pooled forest soil sample-S178,472,2643835,5753343,2,5,4,2014-07-09T00:00:00Z,2014-07-09
MDDBSRR000040,SRR1502388,https://trace.ncbi.nlm.nih.gov/Traces/sra/?run=SRR1502388,G2743,pooled forest soil sample-G2743,460,2730167,6076483,2,5,4,2014-07-09T00:00:00Z,2014-07-09
MDDBSRR000041,SRR1502635,https://trace.ncbi.nlm.nih.gov/Traces/sra/?run=SRR1502635,S206,pooled forest soil sample-S206,465,1604058,3618317,1,3,4,2014-07-09T00:00:00Z,2014-07-09
MDDBSRR000042,SRR1502634,https://trace.ncbi.nlm.nih.gov/Traces/sra/?run=SRR1502634,S204,pooled forest soil sample-S204,469,1615491,3615472,1,3,4,2014-07-09T00:00:00Z,2014-07-09
MDDBSRR000043,SRR1502609,https://trace.ncbi.nlm.nih.gov/Traces/sra/?run=SRR1502609,S179,pooled forest soil sample-S179,469,3435673,7466630,3,7,4,2014-07-09T00:00:00Z,2014-07-09
MDDBSRR000044,SRR1502610,https://trace.ncbi.nlm.nih.gov/Traces/sra/?run=SRR1502610,S180,pooled forest soil sample-S180,473,3912109,8496408,3,8,4,2014-07-09T00:00:00Z,2014-07-09
MDDBSRR000045,SRR1502611,https://trace.ncbi.nlm.nih.gov/Traces/sra/?run=SRR1502611,S181,pooled forest soil sample-S181,457,2153713,4737284,2,4,4,2014-07-09T00:00:00Z,2014-07-09
MDDBSRR000046,SRR1502613,https://trace.ncbi.nlm.nih.gov/Traces/sra/?run=SRR1502613,S183,pooled forest soil sample-S183,449,2586757,5759419,2,5,4,2014-07-09T00:00:00Z,2014-07-09
MDDBSRR000047,SRR1502612,https://trace.ncbi.nlm.nih.gov/Traces/sra/?run=SRR1502612,S182,pooled forest soil sample-S182,442,2205533,4932648,2,4,4,2014-07-09T00:00:00Z,2014-07-09
MDDBSRR000048,SRR1502615,https://trace.ncbi.nlm.nih.gov/Traces/sra/?run=SRR1502615,S185,pooled forest soil sample-S185,447,3466613,7698688,3,7,4,2014-07-09T00:00:00Z,2014-07-09
MDDBSRR000049,SRR1502614,https://trace.ncbi.nlm.nih.gov/Traces/sra/?run=SRR1502614,S184,pooled forest soil sample-S184,456,3076440,6774549,3,6,4,2014-07-09T00:00:00Z,2014-07-09
MDDBSRR000050,SRR1502616,https://trace.ncbi.nlm.nih.gov/Traces/sra/?run=SRR1502616,S186,pooled forest soil sample-S186,463,2596883,5669478,2,5,4,2014-07-09T00:00:00Z,2014-07-09
MDDBSRR000051,SRR1502505,https://trace.ncbi.nlm.nih.gov/Traces/sra/?run=SRR1502505,S064,pooled forest soil sample-S064,477,2229924,5011959,2,4,4,2014-07-09T00:00:00Z,2014-07-09
MDDBSRR000052,SRR1502506,https://trace.ncbi.nlm.nih.gov/Traces/sra/?run=SRR1502506,S065,pooled forest soil sample-S065,463,2595826,5803920,2,5,4,2014-07-09T00:00:00Z,2014-07-09
MDDBSRR000053,SRR1502508,https://trace.ncbi.nlm.nih.gov/Traces/sra/?run=SRR1502508,S067,pooled forest soil sample-S067,458,2244657,5023422,2,4,4,2014-07-09T00:00:00Z,2014-07-09
MDDBSRR000054,SRR1502504,https://trace.ncbi.nlm.nih.gov/Traces/sra/?run=SRR1502504,S063,pooled forest soil sample-S063,481,3679928,8191853,3,7,4,2014-07-09T00:00:00Z,2014-07-09
MDDBSRR000055,SRR1502503,https://trace.ncbi.nlm.nih.gov/Traces/sra/?run=SRR1502503,S062,pooled forest soil sample-S062,471,1878524,4197485,1,4,4,2014-07-09T00:00:00Z,2014-07-09
MDDBSRR000056,SRR1502507,https://trace.ncbi.nlm.nih.gov/Traces/sra/?run=SRR1502507,S066,pooled forest soil sample-S066,446,3064279,6914833,3,6,4,2014-07-09T00:00:00Z,2014-07-09
MDDBSRR000057,SRR1502730,https://trace.ncbi.nlm.nih.gov/Traces/sra/?run=SRR1502730,MURU5860_G2,fungal fruit-body sample-MURU5860_G2,457,1614318,3548350,1,3,4,2014-07-09T00:00:00Z,2014-07-09
MDDBSRR000058,SRR1502731,https://trace.ncbi.nlm.nih.gov/Traces/sra/?run=SRR1502731,MURU5860_G4,fungal fruit-body sample-MURU5860_G4,458,1756897,3942556,1,3,4,2014-07-09T00:00:00Z,2014-07-09
MDDBSRR000059,SRR1502732,https://trace.ncbi.nlm.nih.gov/Traces/sra/?run=SRR1502732,MURU5860_G1,fungal fruit-body sample-MURU5860_G1,457,1872208,4195251,1,4,4,2014-07-09T00:00:00Z,2014-07-09
MDDBSRR000060,SRR1502733,https://trace.ncbi.nlm.nih.gov/Traces/sra/?run=SRR1502733,MURU5860_G3,fungal fruit-body sample-MURU5860_G3,458,1430009,3210758,1,3,4,2014-07-09T00:00:00Z,2014-07-09
MDDBSRR000061,SRR1502734,https://trace.ncbi.nlm.nih.gov/Traces/sra/?run=SRR1502734,MURU5860_G5,fungal fruit-body sample-MURU5860_G5,459,4873270,10650865,4,10,4,2014-07-09T00:00:00Z,2014-07-09
MDDBSRR000062,SRR1502735,https://trace.ncbi.nlm.nih.gov/Traces/sra/?run=SRR1502735,MURU5860_TBD,fungal fruit-body sample-MURU5860_TBD,457,2326072,5089851,2,4,4,2014-07-09T00:00:00Z,2014-07-09
MDDBSRR000063,SRR1502352,https://trace.ncbi.nlm.nih.gov/Traces/sra/?run=SRR1502352,G2649,pooled forest soil sample-G2649,468,2073364,4595955,2,4,4,2014-07-09T00:00:00Z,2014-07-09
MDDBSRR000064,SRR1502351,https://trace.ncbi.nlm.nih.gov/Traces/sra/?run=SRR1502351,G2648,pooled forest soil sample-G2648,452,2537938,5702968,2,5,4,2014-07-09T00:00:00Z,2014-07-09
MDDBSRR000065,SRR1502344,https://trace.ncbi.nlm.nih.gov/Traces/sra/?run=SRR1502344,G2640,pooled forest soil sample-G2640,465,2565364,5732296,2,5,4,2014-07-09T00:00:00Z,2014-07-09
MDDBSRR000066,SRR1502345,https://trace.ncbi.nlm.nih.gov/Traces/sra/?run=SRR1502345,G2641,pooled forest soil sample-G2641,446,3217888,7306918,3,6,4,2014-07-09T00:00:00Z,2014-07-09
MDDBSRR000067,SRR1502353,https://trace.ncbi.nlm.nih.gov/Traces/sra/?run=SRR1502353,G2650,pooled forest soil sample-G2650,460,2619106,5859665,2,5,4,2014-07-09T00:00:00Z,2014-07-09
MDDBSRR000068,SRR1502349,https://trace.ncbi.nlm.nih.gov/Traces/sra/?run=SRR1502349,G2646,pooled forest soil sample-G2646,450,3054382,6863766,3,6,4,2014-07-09T00:00:00Z,2014-07-09
MDDBSRR000069,SRR1502350,https://trace.ncbi.nlm.nih.gov/Traces/sra/?run=SRR1502350,G2647,pooled forest soil sample-G2647,451,3849482,8670670,3,8,4,2014-07-09T00:00:00Z,2014-07-09
MDDBSRR000070,SRR1502348,https://trace.ncbi.nlm.nih.gov/Traces/sra/?run=SRR1502348,G2645,pooled forest soil sample-G2645,450,2307205,5203763,2,4,4,2014-07-09T00:00:00Z,2014-07-09
MDDBSRR000071,SRR1502346,https://trace.ncbi.nlm.nih.gov/Traces/sra/?run=SRR1502346,G2642,pooled forest soil sample-G2642,435,2295366,5240499,2,4,4,2014-07-09T00:00:00Z,2014-07-09
MDDBSRR000072,SRR1502347,https://trace.ncbi.nlm.nih.gov/Traces/sra/?run=SRR1502347,G2643,pooled forest soil sample-G2643,455,1960114,4412604,1,4,4,2014-07-09T00:00:00Z,2014-07-09
MDDBSRR000073,SRR1502460,https://trace.ncbi.nlm.nih.gov/Traces/sra/?run=SRR1502460,S016,pooled forest soil sample-S016,480,1724055,3858072,1,3,4,2014-07-09T00:00:00Z,2014-07-09
MDDBSRR000074,SRR1502461,https://trace.ncbi.nlm.nih.gov/Traces/sra/?run=SRR1502461,S017,pooled forest soil sample-S017,477,3414206,7591654,3,7,4,2014-07-09T00:00:00Z,2014-07-09
MDDBSRR000075,SRR1502510,https://trace.ncbi.nlm.nih.gov/Traces/sra/?run=SRR1502510,S069,pooled forest soil sample-S069,466,3083301,6937093,3,6,4,2014-07-09T00:00:00Z,2014-07-09
MDDBSRR000076,SRR1502511,https://trace.ncbi.nlm.nih.gov/Traces/sra/?run=SRR1502511,S070a,pooled forest soil sample-S070a,464,3121054,6980165,3,6,4,2014-07-09T00:00:00Z,2014-07-09
MDDBSRR000077,SRR1502590,https://trace.ncbi.nlm.nih.gov/Traces/sra/?run=SRR1502590,S160,pooled forest soil sample-S160,474,2898945,6275303,2,5,4,2014-07-09T00:00:00Z,2014-07-09
MDDBSRR000078,SRR1502589,https://trace.ncbi.nlm.nih.gov/Traces/sra/?run=SRR1502589,S159,pooled forest soil sample-S159,484,3749665,8065872,3,7,4,2014-07-09T00:00:00Z,2014-07-09
MDDBSRR000079,SRR1502514,https://trace.ncbi.nlm.nih.gov/Traces/sra/?run=SRR1502514,S073,pooled forest soil sample-S073,469,3525416,7843606,3,7,4,2014-07-09T00:00:00Z,2014-07-09
MDDBSRR000080,SRR1502551,https://trace.ncbi.nlm.nih.gov/Traces/sra/?run=SRR1502551,S110,pooled forest soil sample-S110,460,3360237,7341872,3,7,4,2014-07-09T00:00:00Z,2014-07-09
MDDBSRR000081,SRR1502552,https://trace.ncbi.nlm.nih.gov/Traces/sra/?run=SRR1502552,S111,pooled forest soil sample-S111,470,3438083,7481288,3,7,4,2014-07-09T00:00:00Z,2014-07-09
MDDBSRR000082,SRR1502618,https://trace.ncbi.nlm.nih.gov/Traces/sra/?run=SRR1502618,S188,pooled forest soil sample-S188,476,2465747,5372173,2,5,4,2014-07-09T00:00:00Z,2014-07-09
MDDBSRR000083,SRR1502619,https://trace.ncbi.nlm.nih.gov/Traces/sra/?run=SRR1502619,S189,pooled forest soil sample-S189,479,2145751,4677513,2,4,4,2014-07-09T00:00:00Z,2014-07-09
MDDBSRR000084,SRR1502548,https://trace.ncbi.nlm.nih.gov/Traces/sra/?run=SRR1502548,S107,pooled forest soil sample-S107,465,4205512,9191098,4,8,4,2014-07-09T00:00:00Z,2014-07-09
MDDBSRR000085,SRR1502549,https://trace.ncbi.nlm.nih.gov/Traces/sra/?run=SRR1502549,S108,pooled forest soil sample-S108,449,3060467,6764491,3,6,4,2014-07-09T00:00:00Z,2014-07-09
MDDBSRR000086,SRR1502550,https://trace.ncbi.nlm.nih.gov/Traces/sra/?run=SRR1502550,S109,pooled forest soil sample-S109,441,2777808,6178091,2,5,4,2014-07-09T00:00:00Z,2014-07-09
MDDBSRR000087,SRR1502617,https://trace.ncbi.nlm.nih.gov/Traces/sra/?run=SRR1502617,S187,pooled forest soil sample-S187,469,3151965,6822936,3,6,4,2014-07-09T00:00:00Z,2014-07-09
MDDBSRR000088,SRR1502544,https://trace.ncbi.nlm.nih.gov/Traces/sra/?run=SRR1502544,S103,pooled forest soil sample-S103,446,2908211,6430304,2,6,4,2014-07-09T00:00:00Z,2014-07-09
MDDBSRR000089,SRR1502545,https://trace.ncbi.nlm.nih.gov/Traces/sra/?run=SRR1502545,S104,pooled forest soil sample-S104,465,2165985,4781006,2,4,4,2014-07-09T00:00:00Z,2014-07-09
MDDBSRR000090,SRR1502546,https://trace.ncbi.nlm.nih.gov/Traces/sra/?run=SRR1502546,S105,pooled forest soil sample-S105,448,649484,1470051,0,1,4,2014-07-09T00:00:00Z,2014-07-09
MDDBSRR000091,SRR1502547,https://trace.ncbi.nlm.nih.gov/Traces/sra/?run=SRR1502547,S106,pooled forest soil sample-S106,447,1077449,2409397,1,2,4,2014-07-09T00:00:00Z,2014-07-09
MDDBSRR000092,SRR1502320,https://trace.ncbi.nlm.nih.gov/Traces/sra/?run=SRR1502320,AV112,pooled forest soil sample-AV112,455,2611823,5895672,2,5,4,2014-07-09T00:00:00Z,2014-07-09
MDDBSRR000093,SRR1502315,https://trace.ncbi.nlm.nih.gov/Traces/sra/?run=SRR1502315,AV107,pooled forest soil sample-AV107,445,2207676,5029778,2,4,4,2014-07-09T00:00:00Z,2014-07-09
MDDBSRR000094,SRR1502314,https://trace.ncbi.nlm.nih.gov/Traces/sra/?run=SRR1502314,AV106,pooled forest soil sample-AV106,454,2364961,5334428,2,5,4,2014-07-09T00:00:00Z,2014-07-09
MDDBSRR000095,SRR1502330,https://trace.ncbi.nlm.nih.gov/Traces/sra/?run=SRR1502330,AV122,pooled forest soil sample-AV122,436,2506344,5782020,2,5,4,2014-07-09T00:00:00Z,2014-07-09
MDDBSRR000096,SRR1502313,https://trace.ncbi.nlm.nih.gov/Traces/sra/?run=SRR1502313,AV105,pooled forest soil sample-AV105,462,2389904,5356306,2,5,4,2014-07-09T00:00:00Z,2014-07-09
MDDBSRR000097,SRR1502322,https://trace.ncbi.nlm.nih.gov/Traces/sra/?run=SRR1502322,AV114,pooled forest soil sample-AV114,440,2611328,5962488,2,5,4,2014-07-09T00:00:00Z,2014-07-09
MDDBSRR000098,SRR1502331,https://trace.ncbi.nlm.nih.gov/Traces/sra/?run=SRR1502331,AV123,pooled forest soil sample-AV123,430,1041108,2404623,1,2,4,2014-07-09T00:00:00Z,2014-07-09
MDDBSRR000099,SRR1502332,https://trace.ncbi.nlm.nih.gov/Traces/sra/?run=SRR1502332,AV124,pooled forest soil sample-AV124,434,1764946,4049765,1,3,4,2014-07-09T00:00:00Z,2014-07-09
MDDBSRR000100,SRR1502333,https://trace.ncbi.nlm.nih.gov/Traces/sra/?run=SRR1502333,AV125,pooled forest soil sample-AV125,451,2256772,5103198,2,4,4,2014-07-09T00:00:00Z,2014-07-09
MDDBSRR000101,SRR1502321,https://trace.ncbi.nlm.nih.gov/Traces/sra/?run=SRR1502321,AV113,pooled forest soil sample-AV113,442,2210746,5054703,2,4,4,2014-07-09T00:00:00Z,2014-07-09
MDDBSRR000102,SRR1502311,https://trace.ncbi.nlm.nih.gov/Traces/sra/?run=SRR1502311,AV103,pooled forest soil sample-AV103,453,2805529,6327148,2,6,4,2014-07-09T00:00:00Z,2014-07-09
MDDBSRR000103,SRR1502319,https://trace.ncbi.nlm.nih.gov/Traces/sra/?run=SRR1502319,AV111,pooled forest soil sample-AV111,448,953728,2176797,0,2,4,2014-07-09T00:00:00Z,2014-07-09
MDDBSRR000104,SRR1502309,https://trace.ncbi.nlm.nih.gov/Traces/sra/?run=SRR1502309,AV101,pooled forest soil sample-AV101,444,1309071,2988492,1,2,4,2014-07-09T00:00:00Z,2014-07-09
MDDBSRR000105,SRR1502318,https://trace.ncbi.nlm.nih.gov/Traces/sra/?run=SRR1502318,AV110,pooled forest soil sample-AV110,450,1869443,4243754,1,4,4,2014-07-09T00:00:00Z,2014-07-09
MDDBSRR000106,SRR1502310,https://trace.ncbi.nlm.nih.gov/Traces/sra/?run=SRR1502310,AV102,pooled forest soil sample-AV102,447,2322279,5273797,2,5,4,2014-07-09T00:00:00Z,2014-07-09
MDDBSRR000107,SRR1502317,https://trace.ncbi.nlm.nih.gov/Traces/sra/?run=SRR1502317,AV109,pooled forest soil sample-AV109,450,1588242,3607077,1,3,4,2014-07-09T00:00:00Z,2014-07-09
MDDBSRR000108,SRR1502316,https://trace.ncbi.nlm.nih.gov/Traces/sra/?run=SRR1502316,AV108,pooled forest soil sample-AV108,450,1913832,4338459,1,4,4,2014-07-09T00:00:00Z,2014-07-09
MDDBSRR000109,SRR1502334,https://trace.ncbi.nlm.nih.gov/Traces/sra/?run=SRR1502334,AV126,pooled forest soil sample-AV126,444,547571,1279791,0,1,4,2014-07-09T00:00:00Z,2014-07-09
MDDBSRR000110,SRR1502335,https://trace.ncbi.nlm.nih.gov/Traces/sra/?run=SRR1502335,AV127,pooled forest soil sample-AV127,444,2422773,5506743,2,5,4,2014-07-09T00:00:00Z,2014-07-09
MDDBSRR000111,SRR1502336,https://trace.ncbi.nlm.nih.gov/Traces/sra/?run=SRR1502336,AV128,pooled forest soil sample-AV128,453,1188632,2703761,1,2,4,2014-07-09T00:00:00Z,2014-07-09
MDDBSRR000112,SRR1502323,https://trace.ncbi.nlm.nih.gov/Traces/sra/?run=SRR1502323,AV115,pooled forest soil sample-AV115,449,3050906,6833285,3,6,4,2014-07-09T00:00:00Z,2014-07-09
MDDBSRR000113,SRR1502324,https://trace.ncbi.nlm.nih.gov/Traces/sra/?run=SRR1502324,AV116,pooled forest soil sample-AV116,444,3123152,7119619,3,6,4,2014-07-09T00:00:00Z,2014-07-09
MDDBSRR000114,SRR1502325,https://trace.ncbi.nlm.nih.gov/Traces/sra/?run=SRR1502325,AV117,pooled forest soil sample-AV117,442,1674437,3803429,1,3,4,2014-07-09T00:00:00Z,2014-07-09
MDDBSRR000115,SRR1502326,https://trace.ncbi.nlm.nih.gov/Traces/sra/?run=SRR1502326,AV118,pooled forest soil sample-AV118,462,5816798,12881382,5,12,4,2014-07-09T00:00:00Z,2014-07-09
MDDBSRR000116,SRR1502327,https://trace.ncbi.nlm.nih.gov/Traces/sra/?run=SRR1502327,AV119,pooled forest soil sample-AV119,438,2710666,6189272,2,5,4,2014-07-09T00:00:00Z,2014-07-09
MDDBSRR000117,SRR1502328,https://trace.ncbi.nlm.nih.gov/Traces/sra/?run=SRR1502328,AV120,pooled forest soil sample-AV120,453,2541624,5745532,2,5,4,2014-07-09T00:00:00Z,2014-07-09
MDDBSRR000118,SRR1502329,https://trace.ncbi.nlm.nih.gov/Traces/sra/?run=SRR1502329,AV121,pooled forest soil sample-AV121,438,2955422,6847440,2,6,4,2014-07-09T00:00:00Z,2014-07-09
MDDBSRR000119,SRR1502312,https://trace.ncbi.nlm.nih.gov/Traces/sra/?run=SRR1502312,AV104,pooled forest soil sample-AV104,450,2430894,5480572,2,5,4,2014-07-09T00:00:00Z,2014-07-09
MDDBSRR000120,SRR1502555,https://trace.ncbi.nlm.nih.gov/Traces/sra/?run=SRR1502555,S114,pooled forest soil sample-S114,467,1934106,4232442,1,4,4,2014-07-09T00:00:00Z,2014-07-09
MDDBSRR000121,SRR1502556,https://trace.ncbi.nlm.nih.gov/Traces/sra/?run=SRR1502556,S115,pooled forest soil sample-S115,473,1882178,4091603,1,3,4,2014-07-09T00:00:00Z,2014-07-09
MDDBSRR000122,SRR1502620,https://trace.ncbi.nlm.nih.gov/Traces/sra/?run=SRR1502620,S190,pooled forest soil sample-S190,458,3163210,7093919,3,6,4,2014-07-09T00:00:00Z,2014-07-09
MDDBSRR000123,SRR1502621,https://trace.ncbi.nlm.nih.gov/Traces/sra/?run=SRR1502621,S191,pooled forest soil sample-S191,473,3169395,7005681,3,6,4,2014-07-09T00:00:00Z,2014-07-09
MDDBSRR000124,SRR1502622,https://trace.ncbi.nlm.nih.gov/Traces/sra/?run=SRR1502622,S192,pooled forest soil sample-S192,475,3388307,7522305,3,7,4,2014-07-09T00:00:00Z,2014-07-09
MDDBSRR000125,SRR1502623,https://trace.ncbi.nlm.nih.gov/Traces/sra/?run=SRR1502623,S193,pooled forest soil sample-S193,486,4049746,8891852,4,8,4,2014-07-09T00:00:00Z,2014-07-09
MDDBSRR000126,SRR1502554,https://trace.ncbi.nlm.nih.gov/Traces/sra/?run=SRR1502554,S113,pooled forest soil sample-S113,442,3366105,7543325,3,7,4,2014-07-09T00:00:00Z,2014-07-09
MDDBSRR000127,SRR1502225,https://trace.ncbi.nlm.nih.gov/Traces/sra/?run=SRR1502225,G2541,pooled forest soil sample-G2541,474,3874442,8390185,3,8,4,2014-07-09T00:00:00Z,2014-07-09
MDDBSRR000128,SRR1502226,https://trace.ncbi.nlm.nih.gov/Traces/sra/?run=SRR1502226,G2542,pooled forest soil sample-G2542,474,3411876,7400915,3,7,4,2014-07-09T00:00:00Z,2014-07-09
MDDBSRR000129,SRR1502227,https://trace.ncbi.nlm.nih.gov/Traces/sra/?run=SRR1502227,G2543,pooled forest soil sample-G2543,477,3678489,7921839,3,7,4,2014-07-09T00:00:00Z,2014-07-09
MDDBSRR000130,SRR1502228,https://trace.ncbi.nlm.nih.gov/Traces/sra/?run=SRR1502228,G2544,pooled forest soil sample-G2544,476,4818700,10381385,4,9,4,2014-07-09T00:00:00Z,2014-07-09
MDDBSRR000131,SRR1502229,https://trace.ncbi.nlm.nih.gov/Traces/sra/?run=SRR1502229,G2545,pooled forest soil sample-G2545,476,3079566,6648194,3,6,4,2014-07-09T00:00:00Z,2014-07-09
MDDBSRR000132,SRR1502230,https://trace.ncbi.nlm.nih.gov/Traces/sra/?run=SRR1502230,G2546,pooled forest soil sample-G2546,472,5217073,11303839,5,10,4,2014-07-09T00:00:00Z,2014-07-09
MDDBSRR000133,SRR1502231,https://trace.ncbi.nlm.nih.gov/Traces/sra/?run=SRR1502231,G2547,pooled forest soil sample-G2547,470,4269789,9268596,4,8,4,2014-07-09T00:00:00Z,2014-07-09
MDDBSRR000134,SRR1502232,https://trace.ncbi.nlm.nih.gov/Traces/sra/?run=SRR1502232,G2548,pooled forest soil sample-G2548,475,3462496,7482274,3,7,4,2014-07-09T00:00:00Z,2014-07-09
MDDBSRR000135,SRR1502233,https://trace.ncbi.nlm.nih.gov/Traces/sra/?run=SRR1502233,G2550,pooled forest soil sample-G2550,473,3364050,7283333,3,6,4,2014-07-09T00:00:00Z,2014-07-09
MDDBSRR000136,SRR1502234,https://trace.ncbi.nlm.nih.gov/Traces/sra/?run=SRR1502234,G2551,pooled forest soil sample-G2551,477,2960575,6388697,2,6,4,2014-07-09T00:00:00Z,2014-07-09
MDDBSRR000137,SRR1502235,https://trace.ncbi.nlm.nih.gov/Traces/sra/?run=SRR1502235,G2552,pooled forest soil sample-G2552,468,2722306,5932084,2,5,4,2014-07-09T00:00:00Z,2014-07-09
MDDBSRR000138,SRR1502236,https://trace.ncbi.nlm.nih.gov/Traces/sra/?run=SRR1502236,G2553,pooled forest soil sample-G2553,470,3646168,7907366,3,7,4,2014-07-09T00:00:00Z,2014-07-09
MDDBSRR000139,SRR1502237,https://trace.ncbi.nlm.nih.gov/Traces/sra/?run=SRR1502237,G2554,pooled forest soil sample-G2554,471,3266169,7117045,3,6,4,2014-07-09T00:00:00Z,2014-07-09
MDDBSRR000140,SRR1502238,https://trace.ncbi.nlm.nih.gov/Traces/sra/?run=SRR1502238,G2555,pooled forest soil sample-G2555,475,2862146,6196071,2,5,4,2014-07-09T00:00:00Z,2014-07-09
MDDBSRR000141,SRR1502239,https://trace.ncbi.nlm.nih.gov/Traces/sra/?run=SRR1502239,G2556,pooled forest soil sample-G2556,465,2746382,5980673,2,5,4,2014-07-09T00:00:00Z,2014-07-09
MDDBSRR000142,SRR1502240,https://trace.ncbi.nlm.nih.gov/Traces/sra/?run=SRR1502240,G2557,pooled forest soil sample-G2557,467,2557044,5559628,2,5,4,2014-07-09T00:00:00Z,2014-07-09
MDDBSRR000143,SRR1502241,https://trace.ncbi.nlm.nih.gov/Traces/sra/?run=SRR1502241,G2558,pooled forest soil sample-G2558,468,3386954,7324828,3,6,4,2014-07-09T00:00:00Z,2014-07-09
MDDBSRR000144,SRR1502242,https://trace.ncbi.nlm.nih.gov/Traces/sra/?run=SRR1502242,G2559,pooled forest soil sample-G2559,467,2733243,5951155,2,5,4,2014-07-09T00:00:00Z,2014-07-09
MDDBSRR000145,SRR1502243,https://trace.ncbi.nlm.nih.gov/Traces/sra/?run=SRR1502243,G2560,pooled forest soil sample-G2560,468,2728612,5952819,2,5,4,2014-07-09T00:00:00Z,2014-07-09
MDDBSRR000146,SRR1502244,https://trace.ncbi.nlm.nih.gov/Traces/sra/?run=SRR1502244,G2561,pooled forest soil sample-G2561,450,2232434,4914415,2,4,4,2014-07-09T00:00:00Z,2014-07-09
MDDBSRR000147,SRR1502245,https://trace.ncbi.nlm.nih.gov/Traces/sra/?run=SRR1502245,G2562,pooled forest soil sample-G2562,464,2766012,6037396,2,5,4,2014-07-09T00:00:00Z,2014-07-09
MDDBSRR000148,SRR1502246,https://trace.ncbi.nlm.nih.gov/Traces/sra/?run=SRR1502246,G2563,pooled forest soil sample-G2563,476,3185392,6872793,3,6,4,2014-07-09T00:00:00Z,2014-07-09
MDDBSRR000149,SRR1502247,https://trace.ncbi.nlm.nih.gov/Traces/sra/?run=SRR1502247,G2564,pooled forest soil sample-G2564,467,3039876,6588461,3,6,4,2014-07-09T00:00:00Z,2014-07-09
MDDBSRR000150,SRR1502248,https://trace.ncbi.nlm.nih.gov/Traces/sra/?run=SRR1502248,G2565,pooled forest soil sample-G2565,472,3250673,7049041,3,6,4,2014-07-09T00:00:00Z,2014-07-09
MDDBSRR000151,SRR1502249,https://trace.ncbi.nlm.nih.gov/Traces/sra/?run=SRR1502249,G2566,pooled forest soil sample-G2566,462,2991114,6543115,2,6,4,2014-07-09T00:00:00Z,2014-07-09
MDDBSRR000152,SRR1502250,https://trace.ncbi.nlm.nih.gov/Traces/sra/?run=SRR1502250,G2567,pooled forest soil sample-G2567,473,2725461,5930490,2,5,4,2014-07-09T00:00:00Z,2014-07-09
MDDBSRR000153,SRR1502251,https://trace.ncbi.nlm.nih.gov/Traces/sra/?run=SRR1502251,G2568,pooled forest soil sample-G2568,468,2603612,5654220,2,5,4,2014-07-09T00:00:00Z,2014-07-09
MDDBSRR000154,SRR1502252,https://trace.ncbi.nlm.nih.gov/Traces/sra/?run=SRR1502252,G2569,pooled forest soil sample-G2569,471,2638549,5720973,2,5,4,2014-07-09T00:00:00Z,2014-07-09
MDDBSRR000155,SRR1502253,https://trace.ncbi.nlm.nih.gov/Traces/sra/?run=SRR1502253,G2570,pooled forest soil sample-G2570,480,2875785,6203491,2,5,4,2014-07-09T00:00:00Z,2014-07-09
MDDBSRR000156,SRR1502254,https://trace.ncbi.nlm.nih.gov/Traces/sra/?run=SRR1502254,G2571,pooled forest soil sample-G2571,446,3417811,7671436,3,7,4,2014-07-09T00:00:00Z,2014-07-09
MDDBSRR000157,SRR1502255,https://trace.ncbi.nlm.nih.gov/Traces/sra/?run=SRR1502255,G2573,pooled forest soil sample-G2573,467,2841343,6182241,2,5,4,2014-07-09T00:00:00Z,2014-07-09
MDDBSRR000158,SRR1502256,https://trace.ncbi.nlm.nih.gov/Traces/sra/?run=SRR1502256,G2574,pooled forest soil sample-G2574,471,3043747,6588071,3,6,4,2014-07-09T00:00:00Z,2014-07-09
MDDBSRR000159,SRR1502257,https://trace.ncbi.nlm.nih.gov/Traces/sra/?run=SRR1502257,G2575,pooled forest soil sample-G2575,483,2737088,5887217,2,5,4,2014-07-09T00:00:00Z,2014-07-09
MDDBSRR000160,SRR1502258,https://trace.ncbi.nlm.nih.gov/Traces/sra/?run=SRR1502258,G2576,pooled forest soil sample-G2576,472,2871018,6213047,2,5,4,2014-07-09T00:00:00Z,2014-07-09
MDDBSRR000161,SRR1502259,https://trace.ncbi.nlm.nih.gov/Traces/sra/?run=SRR1502259,G2577,pooled forest soil sample-G2577,473,2622849,5694740,2,5,4,2014-07-09T00:00:00Z,2014-07-09
MDDBSRR000162,SRR1502260,https://trace.ncbi.nlm.nih.gov/Traces/sra/?run=SRR1502260,G2578,pooled forest soil sample-G2578,473,2656452,5814062,2,5,4,2014-07-09T00:00:00Z,2014-07-09
MDDBSRR000163,SRR1502261,https://trace.ncbi.nlm.nih.gov/Traces/sra/?run=SRR1502261,G2579,pooled forest soil sample-G2579,478,3091888,6680568,3,6,4,2014-07-09T00:00:00Z,2014-07-09
MDDBSRR000164,SRR1502262,https://trace.ncbi.nlm.nih.gov/Traces/sra/?run=SRR1502262,G2580,pooled forest soil sample-G2580,484,3077263,6648248,3,6,4,2014-07-09T00:00:00Z,2014-07-09
MDDBSRR000165,SRR1502263,https://trace.ncbi.nlm.nih.gov/Traces/sra/?run=SRR1502263,G2581,pooled forest soil sample-G2581,469,2949589,6393713,2,6,4,2014-07-09T00:00:00Z,2014-07-09
MDDBSRR000166,SRR1502264,https://trace.ncbi.nlm.nih.gov/Traces/sra/?run=SRR1502264,G2615,pooled forest soil sample-G2615,462,947511,2093613,0,1,4,2014-07-09T00:00:00Z,2014-07-09
MDDBSRR000167,SRR1502265,https://trace.ncbi.nlm.nih.gov/Traces/sra/?run=SRR1502265,G2616,pooled forest soil sample-G2616,474,2465241,5344743,2,5,4,2014-07-09T00:00:00Z,2014-07-09
MDDBSRR000168,SRR1502637,https://trace.ncbi.nlm.nih.gov/Traces/sra/?run=SRR1502637,S208,pooled forest soil sample-S208,474,3390372,7547644,3,7,4,2014-07-09T00:00:00Z,2014-07-09
MDDBSRR000169,SRR1502638,https://trace.ncbi.nlm.nih.gov/Traces/sra/?run=SRR1502638,S209,pooled forest soil sample-S209,463,1450213,3285273,1,3,4,2014-07-09T00:00:00Z,2014-07-09
MDDBSRR000170,SRR1502676,https://trace.ncbi.nlm.nih.gov/Traces/sra/?run=SRR1502676,IH.A01,pooled forest soil sample-IH.A01,441,3398506,7481541,3,7,4,2014-07-09T00:00:00Z,2014-07-09
MDDBSRR000171,SRR1502677,https://trace.ncbi.nlm.nih.gov/Traces/sra/?run=SRR1502677,IH.A02,pooled forest soil sample-IH.A02,443,3972073,8731840,3,8,4,2014-07-09T00:00:00Z,2014-07-09
MDDBSRR000172,SRR1502678,https://trace.ncbi.nlm.nih.gov/Traces/sra/?run=SRR1502678,IH.A03,pooled forest soil sample-IH.A03,462,2095795,4570010,2,4,4,2014-07-09T00:00:00Z,2014-07-09
MDDBSRR000173,SRR1502679,https://trace.ncbi.nlm.nih.gov/Traces/sra/?run=SRR1502679,IH.A12,pooled forest soil sample-IH.A12,460,3354597,7290068,3,6,4,2014-07-09T00:00:00Z,2014-07-09
MDDBSRR000174,SRR1502680,https://trace.ncbi.nlm.nih.gov/Traces/sra/?run=SRR1502680,IH.A14,pooled forest soil sample-IH.A14,460,4126526,8954872,4,8,4,2014-07-09T00:00:00Z,2014-07-09
MDDBSRR000175,SRR1502681,https://trace.ncbi.nlm.nih.gov/Traces/sra/?run=SRR1502681,IH.A20,pooled forest soil sample-IH.A20,472,3272224,7092430,3,6,4,2014-07-09T00:00:00Z,2014-07-09
MDDBSRR000176,SRR1502682,https://trace.ncbi.nlm.nih.gov/Traces/sra/?run=SRR1502682,IH.A21,pooled forest soil sample-IH.A21,476,2706769,5886716,2,5,4,2014-07-09T00:00:00Z,2014-07-09
MDDBSRR000177,SRR1502683,https://trace.ncbi.nlm.nih.gov/Traces/sra/?run=SRR1502683,IH.A31,pooled forest soil sample-IH.A31,467,3634856,7872661,3,7,4,2014-07-09T00:00:00Z,2014-07-09
MDDBSRR000178,SRR1502684,https://trace.ncbi.nlm.nih.gov/Traces/sra/?run=SRR1502684,IH.A36,pooled forest soil sample-IH.A36,469,2270514,4927499,2,4,4,2014-07-09T00:00:00Z,2014-07-09
MDDBSRR000179,SRR1502685,https://trace.ncbi.nlm.nih.gov/Traces/sra/?run=SRR1502685,IH.A39,pooled forest soil sample-IH.A39,470,3114691,6734673,3,6,4,2014-07-09T00:00:00Z,2014-07-09
MDDBSRR000180,SRR1502686,https://trace.ncbi.nlm.nih.gov/Traces/sra/?run=SRR1502686,IH.A51,pooled forest soil sample-IH.A51,466,3208892,6956448,3,6,4,2014-07-09T00:00:00Z,2014-07-09
MDDBSRR000181,SRR1502687,https://trace.ncbi.nlm.nih.gov/Traces/sra/?run=SRR1502687,IH.A56,pooled forest soil sample-IH.A56,470,2278281,4932456,2,4,4,2014-07-09T00:00:00Z,2014-07-09
MDDBSRR000182,SRR1502688,https://trace.ncbi.nlm.nih.gov/Traces/sra/?run=SRR1502688,IH.A61,pooled forest soil sample-IH.A61,482,2542892,5491377,2,5,4,2014-07-09T00:00:00Z,2014-07-09
MDDBSRR000183,SRR1502689,https://trace.ncbi.nlm.nih.gov/Traces/sra/?run=SRR1502689,IH.A72,pooled forest soil sample-IH.A72,461,3244955,7108462,3,6,4,2014-07-09T00:00:00Z,2014-07-09
MDDBSRR000184,SRR1502690,https://trace.ncbi.nlm.nih.gov/Traces/sra/?run=SRR1502690,IH.A78,pooled forest soil sample-IH.A78,461,3219764,7017567,3,6,4,2014-07-09T00:00:00Z,2014-07-09
MDDBSRR000185,SRR1502691,https://trace.ncbi.nlm.nih.gov/Traces/sra/?run=SRR1502691,IH.A89,pooled forest soil sample-IH.A89,468,1993765,4342691,1,4,4,2014-07-09T00:00:00Z,2014-07-09
MDDBSRR000186,SRR1502692,https://trace.ncbi.nlm.nih.gov/Traces/sra/?run=SRR1502692,IH.A90,pooled forest soil sample-IH.A90,460,2648088,5793267,2,5,4,2014-07-09T00:00:00Z,2014-07-09
MDDBSRR000187,SRR1502693,https://trace.ncbi.nlm.nih.gov/Traces/sra/?run=SRR1502693,IH.A93,pooled forest soil sample-IH.A93,469,2277390,4931336,2,4,4,2014-07-09T00:00:00Z,2014-07-09
MDDBSRR000188,SRR1502440,https://trace.ncbi.nlm.nih.gov/Traces/sra/?run=SRR1502440,G3308,pooled forest soil sample-G3308,475,2760548,6008563,2,5,4,2014-07-09T00:00:00Z,2014-07-09
MDDBSRR000189,SRR1502340,https://trace.ncbi.nlm.nih.gov/Traces/sra/?run=SRR1502340,G2549,pooled forest soil sample-G2549,469,2023539,4524850,2,4,4,2014-07-09T00:00:00Z,2014-07-09
MDDBSRR000190,SRR1502657,https://trace.ncbi.nlm.nih.gov/Traces/sra/?run=SRR1502657,S228,pooled forest soil sample-S228,475,3012892,6557897,3,6,4,2014-07-09T00:00:00Z,2014-07-09
MDDBSRR000191,SRR1502409,https://trace.ncbi.nlm.nih.gov/Traces/sra/?run=SRR1502409,G2797,pooled forest soil sample-G2797,469,2541712,5617942,2,5,4,2014-07-09T00:00:00Z,2014-07-09
MDDBSRR000192,SRR1502654,https://trace.ncbi.nlm.nih.gov/Traces/sra/?run=SRR1502654,S225,pooled forest soil sample-S225,475,2524000,5539304,2,5,4,2014-07-09T00:00:00Z,2014-07-09
MDDBSRR000193,SRR1502655,https://trace.ncbi.nlm.nih.gov/Traces/sra/?run=SRR1502655,S226,pooled forest soil sample-S226,474,1992820,4356380,1,4,4,2014-07-09T00:00:00Z,2014-07-09
MDDBSRR000194,SRR1502694,https://trace.ncbi.nlm.nih.gov/Traces/sra/?run=SRR1502694,IH.K01,pooled forest soil sample-IH.K01,488,2887444,6235721,2,5,4,2014-07-09T00:00:00Z,2014-07-09
MDDBSRR000195,SRR1502695,https://trace.ncbi.nlm.nih.gov/Traces/sra/?run=SRR1502695,IH.K02,pooled forest soil sample-IH.K02,474,1765183,3876960,1,3,4,2014-07-09T00:00:00Z,2014-07-09
MDDBSRR000196,SRR1502696,https://trace.ncbi.nlm.nih.gov/Traces/sra/?run=SRR1502696,IH.K05,pooled forest soil sample-IH.K05,494,2864463,6200139,2,5,4,2014-07-09T00:00:00Z,2014-07-09
MDDBSRR000197,SRR1502697,https://trace.ncbi.nlm.nih.gov/Traces/sra/?run=SRR1502697,IH.K07,pooled forest soil sample-IH.K07,473,2963415,6380306,2,6,4,2014-07-09T00:00:00Z,2014-07-09
MDDBSRR000198,SRR1502698,https://trace.ncbi.nlm.nih.gov/Traces/sra/?run=SRR1502698,IH.K10,pooled forest soil sample-IH.K10,486,3162237,6844410,3,6,4,2014-07-09T00:00:00Z,2014-07-09
MDDBSRR000199,SRR1502699,https://trace.ncbi.nlm.nih.gov/Traces/sra/?run=SRR1502699,IH.K13,pooled forest soil sample-IH.K13,481,3343445,7262973,3,6,4,2014-07-09T00:00:00Z,2014-07-09
MDDBSRR000200,SRR1502700,https://trace.ncbi.nlm.nih.gov/Traces/sra/?run=SRR1502700,IH.K16,pooled forest soil sample-IH.K16,462,2172770,4775840,2,4,4,2014-07-09T00:00:00Z,2014-07-09
MDDBSRR000201,SRR1502701,https://trace.ncbi.nlm.nih.gov/Traces/sra/?run=SRR1502701,IH.K17,pooled forest soil sample-IH.K17,495,3110978,6720528,3,6,4,2014-07-09T00:00:00Z,2014-07-09
MDDBSRR000202,SRR1502702,https://trace.ncbi.nlm.nih.gov/Traces/sra/?run=SRR1502702,IH.K19,pooled forest soil sample-IH.K19,441,2524721,5694660,2,5,4,2014-07-09T00:00:00Z,2014-07-09
MDDBSRR000203,SRR1502703,https://trace.ncbi.nlm.nih.gov/Traces/sra/?run=SRR1502703,IH.K21,pooled forest soil sample-IH.K21,490,2347845,5096642,2,4,4,2014-07-09T00:00:00Z,2014-07-09
MDDBSRR000204,SRR1502704,https://trace.ncbi.nlm.nih.gov/Traces/sra/?run=SRR1502704,IH.K22,pooled forest soil sample-IH.K22,469,2394840,5279662,2,5,4,2014-07-09T00:00:00Z,2014-07-09
MDDBSRR000205,SRR1502705,https://trace.ncbi.nlm.nih.gov/Traces/sra/?run=SRR1502705,IH.K23,pooled forest soil sample-IH.K23,427,2780526,6354326,2,6,4,2014-07-09T00:00:00Z,2014-07-09
MDDBSRR000206,SRR1502706,https://trace.ncbi.nlm.nih.gov/Traces/sra/?run=SRR1502706,IH.K24,pooled forest soil sample-IH.K24,454,2610748,5747107,2,5,4,2014-07-09T00:00:00Z,2014-07-09
MDDBSRR000207,SRR1502707,https://trace.ncbi.nlm.nih.gov/Traces/sra/?run=SRR1502707,IH.K29,pooled forest soil sample-IH.K29,490,3211180,6934632,3,6,4,2014-07-09T00:00:00Z,2014-07-09
MDDBSRR000208,SRR1502708,https://trace.ncbi.nlm.nih.gov/Traces/sra/?run=SRR1502708,IH.K35,pooled forest soil sample-IH.K35,445,3120749,6921534,3,6,4,2014-07-09T00:00:00Z,2014-07-09
MDDBSRR000209,SRR1502709,https://trace.ncbi.nlm.nih.gov/Traces/sra/?run=SRR1502709,IH.K37,pooled forest soil sample-IH.K37,457,1907042,4208160,1,4,4,2014-07-09T00:00:00Z,2014-07-09
MDDBSRR000210,SRR1502710,https://trace.ncbi.nlm.nih.gov/Traces/sra/?run=SRR1502710,IH.K38,pooled forest soil sample-IH.K38,432,4142551,9310941,4,8,4,2014-07-09T00:00:00Z,2014-07-09
MDDBSRR000211,SRR1502711,https://trace.ncbi.nlm.nih.gov/Traces/sra/?run=SRR1502711,IH.K39,pooled forest soil sample-IH.K39,419,1957888,4384666,1,4,4,2014-07-09T00:00:00Z,2014-07-09
MDDBSRR000212,SRR1502658,https://trace.ncbi.nlm.nih.gov/Traces/sra/?run=SRR1502658,S229,pooled forest soil sample-S229,483,4000201,8644135,4,8,4,2014-07-09T00:00:00Z,2014-07-09
MDDBSRR000213,SRR1502439,https://trace.ncbi.nlm.nih.gov/Traces/sra/?run=SRR1502439,G3247,pooled forest soil sample-G3247,480,1982894,4334041,1,4,4,2014-07-09T00:00:00Z,2014-07-09
MDDBSRR000214,SRR1502412,https://trace.ncbi.nlm.nih.gov/Traces/sra/?run=SRR1502412,G2830,pooled forest soil sample-G2830,470,2151545,4753332,2,4,4,2014-07-09T00:00:00Z,2014-07-09
MDDBSRR000215,SRR1502399,https://trace.ncbi.nlm.nih.gov/Traces/sra/?run=SRR1502399,G2755X,pooled forest soil sample-G2755X,466,2723316,6034457,2,5,4,2014-07-09T00:00:00Z,2014-07-09
MDDBSRR000216,SRR1502410,https://trace.ncbi.nlm.nih.gov/Traces/sra/?run=SRR1502410,G2819,pooled forest soil sample-G2819,493,3426584,7497259,3,7,4,2014-07-09T00:00:00Z,2014-07-09
MDDBSRR000217,SRR1502414,https://trace.ncbi.nlm.nih.gov/Traces/sra/?run=SRR1502414,G2832,pooled forest soil sample-G2832,464,1790772,3995591,1,3,4,2014-07-09T00:00:00Z,2014-07-09
MDDBSRR000218,SRR1502337,https://trace.ncbi.nlm.nih.gov/Traces/sra/?run=SRR1502337,G2536,pooled forest soil sample-G2536,476,2439217,5347077,2,5,4,2014-07-09T00:00:00Z,2014-07-09
MDDBSRR000219,SRR1502339,https://trace.ncbi.nlm.nih.gov/Traces/sra/?run=SRR1502339,G2538,pooled forest soil sample-G2538,472,1763458,3930121,1,3,4,2014-07-09T00:00:00Z,2014-07-09
MDDBSRR000220,SRR1502406,https://trace.ncbi.nlm.nih.gov/Traces/sra/?run=SRR1502406,G2767,pooled forest soil sample-G2767,476,1590748,3537530,1,3,4,2014-07-09T00:00:00Z,2014-07-09
MDDBSRR000221,SRR1502437,https://trace.ncbi.nlm.nih.gov/Traces/sra/?run=SRR1502437,G3232,pooled forest soil sample-G3232,466,1533327,3391125,1,3,4,2014-07-09T00:00:00Z,2014-07-09
MDDBSRR000222,SRR1502712,https://trace.ncbi.nlm.nih.gov/Traces/sra/?run=SRR1502712,IH.M01,pooled forest soil sample-IH.M01,476,2305401,5023785,2,4,4,2014-07-09T00:00:00Z,2014-07-09
MDDBSRR000223,SRR1502713,https://trace.ncbi.nlm.nih.gov/Traces/sra/?run=SRR1502713,IH.M07,pooled forest soil sample-IH.M07,491,2511160,5433848,2,5,4,2014-07-09T00:00:00Z,2014-07-09
MDDBSRR000224,SRR1502714,https://trace.ncbi.nlm.nih.gov/Traces/sra/?run=SRR1502714,IH.M09,pooled forest soil sample-IH.M09,475,2458014,5373679,2,5,4,2014-07-09T00:00:00Z,2014-07-09
MDDBSRR000225,SRR1502715,https://trace.ncbi.nlm.nih.gov/Traces/sra/?run=SRR1502715,IH.M10,pooled forest soil sample-IH.M10,490,3364273,7200191,3,6,4,2014-07-09T00:00:00Z,2014-07-09
MDDBSRR000226,SRR1502716,https://trace.ncbi.nlm.nih.gov/Traces/sra/?run=SRR1502716,IH.M13,pooled forest soil sample-IH.M13,472,1937277,4196433,1,4,4,2014-07-09T00:00:00Z,2014-07-09
MDDBSRR000227,SRR1502717,https://trace.ncbi.nlm.nih.gov/Traces/sra/?run=SRR1502717,IH.M14,pooled forest soil sample-IH.M14,460,3048097,6688472,3,6,4,2014-07-09T00:00:00Z,2014-07-09
MDDBSRR000228,SRR1502718,https://trace.ncbi.nlm.nih.gov/Traces/sra/?run=SRR1502718,IH.M16,pooled forest soil sample-IH.M16,478,4857821,10514937,4,10,4,2014-07-09T00:00:00Z,2014-07-09
MDDBSRR000229,SRR1502719,https://trace.ncbi.nlm.nih.gov/Traces/sra/?run=SRR1502719,IH.M23,pooled forest soil sample-IH.M23,489,2837000,6146587,2,5,4,2014-07-09T00:00:00Z,2014-07-09
MDDBSRR000230,SRR1502720,https://trace.ncbi.nlm.nih.gov/Traces/sra/?run=SRR1502720,IH.M27,pooled forest soil sample-IH.M27,468,2164363,4736859,2,4,4,2014-07-09T00:00:00Z,2014-07-09
MDDBSRR000231,SRR1502721,https://trace.ncbi.nlm.nih.gov/Traces/sra/?run=SRR1502721,IH.M30,pooled forest soil sample-IH.M30,486,3086015,6685163,3,6,4,2014-07-09T00:00:00Z,2014-07-09
MDDBSRR000232,SRR1502722,https://trace.ncbi.nlm.nih.gov/Traces/sra/?run=SRR1502722,IH.M33,pooled forest soil sample-IH.M33,470,2737367,5996122,2,5,4,2014-07-09T00:00:00Z,2014-07-09
MDDBSRR000233,SRR1502723,https://trace.ncbi.nlm.nih.gov/Traces/sra/?run=SRR1502723,IH.M37,pooled forest soil sample-IH.M37,437,4040535,8891236,4,8,4,2014-07-09T00:00:00Z,2014-07-09
MDDBSRR000234,SRR1502724,https://trace.ncbi.nlm.nih.gov/Traces/sra/?run=SRR1502724,IH.M41,pooled forest soil sample-IH.M41,482,2088251,4560519,2,4,4,2014-07-09T00:00:00Z,2014-07-09
MDDBSRR000235,SRR1502725,https://trace.ncbi.nlm.nih.gov/Traces/sra/?run=SRR1502725,IH.M42,pooled forest soil sample-IH.M42,485,2778149,6026993,2,5,4,2014-07-09T00:00:00Z,2014-07-09
MDDBSRR000236,SRR1502726,https://trace.ncbi.nlm.nih.gov/Traces/sra/?run=SRR1502726,IH.M45,pooled forest soil sample-IH.M45,469,2402048,5237275,2,4,4,2014-07-09T00:00:00Z,2014-07-09
MDDBSRR000237,SRR1502727,https://trace.ncbi.nlm.nih.gov/Traces/sra/?run=SRR1502727,IH.M46,pooled forest soil sample-IH.M46,495,3839269,8301716,3,7,4,2014-07-09T00:00:00Z,2014-07-09
MDDBSRR000238,SRR1502728,https://trace.ncbi.nlm.nih.gov/Traces/sra/?run=SRR1502728,IH.M47,pooled forest soil sample-IH.M47,473,2763776,5984542,2,5,4,2014-07-09T00:00:00Z,2014-07-09
MDDBSRR000239,SRR1502729,https://trace.ncbi.nlm.nih.gov/Traces/sra/?run=SRR1502729,IH.M48,pooled forest soil sample-IH.M48,438,2709446,5983721,2,5,4,2014-07-09T00:00:00Z,2014-07-09
MDDBSRR000240,SRR1502413,https://trace.ncbi.nlm.nih.gov/Traces/sra/?run=SRR1502413,G2831,pooled forest soil sample-G2831,478,1680228,3698503,1,3,4,2014-07-09T00:00:00Z,2014-07-09
MDDBSRR000241,SRR1502675,https://trace.ncbi.nlm.nih.gov/Traces/sra/?run=SRR1502675,S249,pooled forest soil sample-S249,471,3059120,6609421,3,6,4,2014-07-09T00:00:00Z,2014-07-09
MDDBSRR000242,SRR1502342,https://trace.ncbi.nlm.nih.gov/Traces/sra/?run=SRR1502342,G2629,pooled forest soil sample-G2629,466,1931295,4299550,1,4,4,2014-07-09T00:00:00Z,2014-07-09
MDDBSRR000243,SRR1502436,https://trace.ncbi.nlm.nih.gov/Traces/sra/?run=SRR1502436,G3224,pooled forest soil sample-G3224,454,1443156,3242352,1,3,4,2014-07-09T00:00:00Z,2014-07-09
MDDBSRR000244,SRR1502343,https://trace.ncbi.nlm.nih.gov/Traces/sra/?run=SRR1502343,G2634,pooled forest soil sample-G2634,482,2766360,6100231,2,5,4,2014-07-09T00:00:00Z,2014-07-09
MDDBSRR000245,SRR1502338,https://trace.ncbi.nlm.nih.gov/Traces/sra/?run=SRR1502338,G2537,pooled forest soil sample-G2537,472,2184517,4874927,2,4,4,2014-07-09T00:00:00Z,2014-07-09
MDDBSRR000246,SRR1502443,https://trace.ncbi.nlm.nih.gov/Traces/sra/?run=SRR1502443,G3426,pooled forest soil sample-G3426,484,2470563,5415358,2,5,4,2014-07-09T00:00:00Z,2014-07-09
MDDBSRR000247,SRR1502656,https://trace.ncbi.nlm.nih.gov/Traces/sra/?run=SRR1502656,S227,pooled forest soil sample-S227,479,3432650,7389117,3,7,4,2014-07-09T00:00:00Z,2014-07-09
MDDBSRR000248,SRR1502341,https://trace.ncbi.nlm.nih.gov/Traces/sra/?run=SRR1502341,G2620,pooled forest soil sample-G2620,473,2357805,5204434,2,4,4,2014-07-09T00:00:00Z,2014-07-09
MDDBSRR000249,SRR1502411,https://trace.ncbi.nlm.nih.gov/Traces/sra/?run=SRR1502411,G2829,pooled forest soil sample-G2829,466,1835438,4067870,1,3,4,2014-07-09T00:00:00Z,2014-07-09
MDDBSRR000250,SRR1502408,https://trace.ncbi.nlm.nih.gov/Traces/sra/?run=SRR1502408,G2794,pooled forest soil sample-G2794,461,2506756,5630000,2,5,4,2014-07-09T00:00:00Z,2014-07-09
MDDBSRR000251,SRR1502444,https://trace.ncbi.nlm.nih.gov/Traces/sra/?run=SRR1502444,G3429,pooled forest soil sample-G3429,487,2549557,5548208,2,5,4,2014-07-09T00:00:00Z,2014-07-09
MDDBSRR000252,SRR1502391,https://trace.ncbi.nlm.nih.gov/Traces/sra/?run=SRR1502391,G2745X,pooled forest soil sample-G2745X,467,2588610,5733989,2,5,4,2014-07-09T00:00:00Z,2014-07-09
MDDBSRR000253,SRR1502736,https://trace.ncbi.nlm.nih.gov/Traces/sra/?run=SRR1502736,negcon02TBD,negative control-negcon02TBD,207,2691,47128,0,0,4,2014-07-09T00:00:00Z,2014-07-09
MDDBSRR000254,SRR1502423,https://trace.ncbi.nlm.nih.gov/Traces/sra/?run=SRR1502423,G2847,pooled forest soil sample-G2847,475,2305749,5082101,2,4,4,2014-07-09T00:00:00Z,2014-07-09
MDDBSRR000255,SRR1502442,https://trace.ncbi.nlm.nih.gov/Traces/sra/?run=SRR1502442,G3419,pooled forest soil sample-G3419,473,3058843,6667637,3,6,4,2014-07-09T00:00:00Z,2014-07-09
MDDBSRR000256,SRR1502441,https://trace.ncbi.nlm.nih.gov/Traces/sra/?run=SRR1502441,G3318,pooled forest soil sample-G3318,463,2930773,6363039,2,6,4,2014-07-09T00:00:00Z,2014-07-09
MDDBSRR000257,SRR1502422,https://trace.ncbi.nlm.nih.gov/Traces/sra/?run=SRR1502422,G2846,pooled forest soil sample-G2846,459,1661421,3700580,1,3,4,2014-07-09T00:00:00Z,2014-07-09
MDDBSRR000258,SRR1502407,https://trace.ncbi.nlm.nih.gov/Traces/sra/?run=SRR1502407,G2788,pooled forest soil sample-G2788,476,2202727,4864492,2,4,4,2014-07-09T00:00:00Z,2014-07-09
MDDBSRR000259,SRR1502438,https://trace.ncbi.nlm.nih.gov/Traces/sra/?run=SRR1502438,G3242,pooled forest soil sample-G3242,472,1496123,3317918,1,3,4,2014-07-09T00:00:00Z,2014-07-09
MDDBSRR000260,SRR1502421,https://trace.ncbi.nlm.nih.gov/Traces/sra/?run=SRR1502421,G2844,pooled forest soil sample-G2844,476,2693541,5933237,2,5,4,2014-07-09T00:00:00Z,2014-07-09
MDDBSRR000261,SRR1502424,https://trace.ncbi.nlm.nih.gov/Traces/sra/?run=SRR1502424,G2848,pooled forest soil sample-G2848,476,2570842,5685775,2,5,4,2014-07-09T00:00:00Z,2014-07-09
MDDBSRR000262,SRR1502428,https://trace.ncbi.nlm.nih.gov/Traces/sra/?run=SRR1502428,G2971,pooled forest soil sample-G2971,478,1665212,3692857,1,3,4,2014-07-09T00:00:00Z,2014-07-09
MDDBSRR000263,SRR1502402,https://trace.ncbi.nlm.nih.gov/Traces/sra/?run=SRR1502402,G2757X,pooled forest soil sample-G2757X,477,4360140,9586949,4,9,4,2014-07-09T00:00:00Z,2014-07-09
MDDBSRR000264,SRR1502266,https://trace.ncbi.nlm.nih.gov/Traces/sra/?run=SRR1502266,FIN001,pooled forest soil sample-FIN001,468,2212496,4818516,2,4,4,2014-07-09T00:00:00Z,2014-07-09
MDDBSRR000265,SRR1502267,https://trace.ncbi.nlm.nih.gov/Traces/sra/?run=SRR1502267,FIN002,pooled forest soil sample-FIN002,479,3128820,6727611,3,6,4,2014-07-09T00:00:00Z,2014-07-09
MDDBSRR000266,SRR1502268,https://trace.ncbi.nlm.nih.gov/Traces/sra/?run=SRR1502268,FIN003,pooled forest soil sample-FIN003,476,3282014,7072683,3,6,4,2014-07-09T00:00:00Z,2014-07-09
MDDBSRR000267,SRR1502269,https://trace.ncbi.nlm.nih.gov/Traces/sra/?run=SRR1502269,FIN004,pooled forest soil sample-FIN004,465,2620022,5707457,2,5,4,2014-07-09T00:00:00Z,2014-07-09
MDDBSRR000268,SRR1502270,https://trace.ncbi.nlm.nih.gov/Traces/sra/?run=SRR1502270,FIN008,pooled forest soil sample-FIN008,472,2915917,6298294,2,6,4,2014-07-09T00:00:00Z,2014-07-09
MDDBSRR000269,SRR1502271,https://trace.ncbi.nlm.nih.gov/Traces/sra/?run=SRR1502271,FIN011,pooled forest soil sample-FIN011,475,3520825,7595601,3,7,4,2014-07-09T00:00:00Z,2014-07-09
MDDBSRR000270,SRR1502272,https://trace.ncbi.nlm.nih.gov/Traces/sra/?run=SRR1502272,FIN013,pooled forest soil sample-FIN013,476,2979370,6416674,2,6,4,2014-07-09T00:00:00Z,2014-07-09
MDDBSRR000271,SRR1502273,https://trace.ncbi.nlm.nih.gov/Traces/sra/?run=SRR1502273,FIN014,pooled forest soil sample-FIN014,470,3505867,7594754,3,7,4,2014-07-09T00:00:00Z,2014-07-09
MDDBSRR000272,SRR1502274,https://trace.ncbi.nlm.nih.gov/Traces/sra/?run=SRR1502274,FIN015,pooled forest soil sample-FIN015,473,2413477,5223741,2,4,4,2014-07-09T00:00:00Z,2014-07-09
MDDBSRR000273,SRR1502275,https://trace.ncbi.nlm.nih.gov/Traces/sra/?run=SRR1502275,FIN016,pooled forest soil sample-FIN016,461,1722319,3781651,1,3,4,2014-07-09T00:00:00Z,2014-07-09
MDDBSRR000274,SRR1502276,https://trace.ncbi.nlm.nih.gov/Traces/sra/?run=SRR1502276,FIN017,pooled forest soil sample-FIN017,477,3248116,6996534,3,6,4,2014-07-09T00:00:00Z,2014-07-09
MDDBSRR000275,SRR1502277,https://trace.ncbi.nlm.nih.gov/Traces/sra/?run=SRR1502277,FIN018,pooled forest soil sample-FIN018,469,2550920,5543425,2,5,4,2014-07-09T00:00:00Z,2014-07-09
MDDBSRR000276,SRR1502278,https://trace.ncbi.nlm.nih.gov/Traces/sra/?run=SRR1502278,FIN019,pooled forest soil sample-FIN019,465,1936056,4231866,1,4,4,2014-07-09T00:00:00Z,2014-07-09
MDDBSRR000277,SRR1502279,https://trace.ncbi.nlm.nih.gov/Traces/sra/?run=SRR1502279,FIN020,pooled forest soil sample-FIN020,472,2435890,5285613,2,5,4,2014-07-09T00:00:00Z,2014-07-09
MDDBSRR000278,SRR1502280,https://trace.ncbi.nlm.nih.gov/Traces/sra/?run=SRR1502280,FIN022,pooled forest soil sample-FIN022,463,1512604,3312697,1,3,4,2014-07-09T00:00:00Z,2014-07-09
MDDBSRR000279,SRR1502281,https://trace.ncbi.nlm.nih.gov/Traces/sra/?run=SRR1502281,FIN024,pooled forest soil sample-FIN024,472,3365759,7246271,3,6,4,2014-07-09T00:00:00Z,2014-07-09
MDDBSRR000280,SRR1502282,https://trace.ncbi.nlm.nih.gov/Traces/sra/?run=SRR1502282,FIN026,pooled forest soil sample-FIN026,467,2893844,6303432,2,6,4,2014-07-09T00:00:00Z,2014-07-09
MDDBSRR000281,SRR1502283,https://trace.ncbi.nlm.nih.gov/Traces/sra/?run=SRR1502283,FIN027,pooled forest soil sample-FIN027,471,3541355,7669798,3,7,4,2014-07-09T00:00:00Z,2014-07-09
MDDBSRR000282,SRR1502284,https://trace.ncbi.nlm.nih.gov/Traces/sra/?run=SRR1502284,FIN029,pooled forest soil sample-FIN029,470,3413467,7380219,3,7,4,2014-07-09T00:00:00Z,2014-07-09
MDDBSRR000283,SRR1502285,https://trace.ncbi.nlm.nih.gov/Traces/sra/?run=SRR1502285,FIN032,pooled forest soil sample-FIN032,478,3971788,8533768,3,8,4,2014-07-09T00:00:00Z,2014-07-09
MDDBSRR000284,SRR1502286,https://trace.ncbi.nlm.nih.gov/Traces/sra/?run=SRR1502286,FIN033,pooled forest soil sample-FIN033,476,3585225,7719075,3,7,4,2014-07-09T00:00:00Z,2014-07-09
MDDBSRR000285,SRR1502287,https://trace.ncbi.nlm.nih.gov/Traces/sra/?run=SRR1502287,FIN034,pooled forest soil sample-FIN034,481,3297499,7125016,3,6,4,2014-07-09T00:00:00Z,2014-07-09
MDDBSRR000286,SRR1502288,https://trace.ncbi.nlm.nih.gov/Traces/sra/?run=SRR1502288,FIN078,pooled forest soil sample-FIN078,473,2900364,6301999,2,6,4,2014-07-09T00:00:00Z,2014-07-09
MDDBSRR000287,SRR1502289,https://trace.ncbi.nlm.nih.gov/Traces/sra/?run=SRR1502289,FIN079,pooled forest soil sample-FIN079,459,2710610,5939301,2,5,4,2014-07-09T00:00:00Z,2014-07-09
MDDBSRR000288,SRR1502290,https://trace.ncbi.nlm.nih.gov/Traces/sra/?run=SRR1502290,FIN082,pooled forest soil sample-FIN082,457,3069735,6728996,3,6,4,2014-07-09T00:00:00Z,2014-07-09
MDDBSRR000289,SRR1502291,https://trace.ncbi.nlm.nih.gov/Traces/sra/?run=SRR1502291,FIN083,pooled forest soil sample-FIN083,466,2991683,6497966,2,6,4,2014-07-09T00:00:00Z,2014-07-09
MDDBSRR000290,SRR1502292,https://trace.ncbi.nlm.nih.gov/Traces/sra/?run=SRR1502292,FIN084,pooled forest soil sample-FIN084,463,3654620,7917940,3,7,4,2014-07-09T00:00:00Z,2014-07-09
MDDBSRR000291,SRR1502293,https://trace.ncbi.nlm.nih.gov/Traces/sra/?run=SRR1502293,FIN085,pooled forest soil sample-FIN085,467,3071564,6670383,3,6,4,2014-07-09T00:00:00Z,2014-07-09
MDDBSRR000292,SRR1502294,https://trace.ncbi.nlm.nih.gov/Traces/sra/?run=SRR1502294,FIN086,pooled forest soil sample-FIN086,469,3631611,7874745,3,7,4,2014-07-09T00:00:00Z,2014-07-09
MDDBSRR000293,SRR1502295,https://trace.ncbi.nlm.nih.gov/Traces/sra/?run=SRR1502295,FIN088,pooled forest soil sample-FIN088,467,2948849,6379528,2,6,4,2014-07-09T00:00:00Z,2014-07-09
MDDBSRR000294,SRR1502296,https://trace.ncbi.nlm.nih.gov/Traces/sra/?run=SRR1502296,FIN090,pooled forest soil sample-FIN090,469,2534345,5481175,2,5,4,2014-07-09T00:00:00Z,2014-07-09
MDDBSRR000295,SRR1502297,https://trace.ncbi.nlm.nih.gov/Traces/sra/?run=SRR1502297,FIN091,pooled forest soil sample-FIN091,465,2372434,5143512,2,4,4,2014-07-09T00:00:00Z,2014-07-09
MDDBSRR000296,SRR1502298,https://trace.ncbi.nlm.nih.gov/Traces/sra/?run=SRR1502298,FIN092,pooled forest soil sample-FIN092,468,3257597,7047766,3,6,4,2014-07-09T00:00:00Z,2014-07-09
MDDBSRR000297,SRR1502299,https://trace.ncbi.nlm.nih.gov/Traces/sra/?run=SRR1502299,FIN094,pooled forest soil sample-FIN094,467,3424192,7451787,3,7,4,2014-07-09T00:00:00Z,2014-07-09
MDDBSRR000298,SRR1502300,https://trace.ncbi.nlm.nih.gov/Traces/sra/?run=SRR1502300,FIN095,pooled forest soil sample-FIN095,466,3108448,6735906,3,6,4,2014-07-09T00:00:00Z,2014-07-09
MDDBSRR000299,SRR1502301,https://trace.ncbi.nlm.nih.gov/Traces/sra/?run=SRR1502301,FIN098,pooled forest soil sample-FIN098,470,3157868,6804852,3,6,4,2014-07-09T00:00:00Z,2014-07-09
MDDBSRR000300,SRR1502302,https://trace.ncbi.nlm.nih.gov/Traces/sra/?run=SRR1502302,FIN101,pooled forest soil sample-FIN101,461,3101123,6750684,3,6,4,2014-07-09T00:00:00Z,2014-07-09
MDDBSRR000301,SRR1502303,https://trace.ncbi.nlm.nih.gov/Traces/sra/?run=SRR1502303,FIN102,pooled forest soil sample-FIN102,469,3436081,7429853,3,7,4,2014-07-09T00:00:00Z,2014-07-09
MDDBSRR000302,SRR1502304,https://trace.ncbi.nlm.nih.gov/Traces/sra/?run=SRR1502304,FIN106,pooled forest soil sample-FIN106,471,3261685,7065778,3,6,4,2014-07-09T00:00:00Z,2014-07-09
MDDBSRR000303,SRR1502305,https://trace.ncbi.nlm.nih.gov/Traces/sra/?run=SRR1502305,FIN107,pooled forest soil sample-FIN107,473,2889749,6232810,2,5,4,2014-07-09T00:00:00Z,2014-07-09
MDDBSRR000304,SRR1502306,https://trace.ncbi.nlm.nih.gov/Traces/sra/?run=SRR1502306,FIN110,pooled forest soil sample-FIN110,468,2766793,5984860,2,5,4,2014-07-09T00:00:00Z,2014-07-09
MDDBSRR000305,SRR1502307,https://trace.ncbi.nlm.nih.gov/Traces/sra/?run=SRR1502307,FIN111,pooled forest soil sample-FIN111,471,3070665,6628497,3,6,4,2014-07-09T00:00:00Z,2014-07-09
MDDBSRR000306,SRR1502308,https://trace.ncbi.nlm.nih.gov/Traces/sra/?run=SRR1502308,FIN114,pooled forest soil sample-FIN114,470,3107555,6702805,3,6,4,2014-07-09T00:00:00Z,2014-07-09
MDDBSRR000307,SRR1502662,https://trace.ncbi.nlm.nih.gov/Traces/sra/?run=SRR1502662,S234,pooled forest soil sample-S234,445,3049601,6723358,3,6,4,2014-07-09T00:00:00Z,2014-07-09
MDDBSRR000308,SRR1502417,https://trace.ncbi.nlm.nih.gov/Traces/sra/?run=SRR1502417,G2836,pooled forest soil sample-G2836,452,2726600,6083688,2,5,4,2014-07-09T00:00:00Z,2014-07-09
MDDBSRR000309,SRR1502666,https://trace.ncbi.nlm.nih.gov/Traces/sra/?run=SRR1502666,S238,pooled forest soil sample-S238,466,2363462,5164971,2,4,4,2014-07-09T00:00:00Z,2014-07-09
MDDBSRR000310,SRR1502420,https://trace.ncbi.nlm.nih.gov/Traces/sra/?run=SRR1502420,G2840,pooled forest soil sample-G2840,466,2337061,5206564,2,4,4,2014-07-09T00:00:00Z,2014-07-09
MDDBSRR000311,SRR1502663,https://trace.ncbi.nlm.nih.gov/Traces/sra/?run=SRR1502663,S235,pooled forest soil sample-S235,469,1548735,3381737,1,3,4,2014-07-09T00:00:00Z,2014-07-09
MDDBSRR000312,SRR1502665,https://trace.ncbi.nlm.nih.gov/Traces/sra/?run=SRR1502665,S237,pooled forest soil sample-S237,459,1796229,3931113,1,3,4,2014-07-09T00:00:00Z,2014-07-09
MDDBSRR000313,SRR1502664,https://trace.ncbi.nlm.nih.gov/Traces/sra/?run=SRR1502664,S236,pooled forest soil sample-S236,469,1410013,3094688,1,2,4,2014-07-09T00:00:00Z,2014-07-09
MDDBSRR000314,SRR1502561,https://trace.ncbi.nlm.nih.gov/Traces/sra/?run=SRR1502561,S121,pooled forest soil sample-S121,478,3181121,6885118,3,6,4,2014-07-09T00:00:00Z,2014-07-09
MDDBSRR000315,SRR1502496,https://trace.ncbi.nlm.nih.gov/Traces/sra/?run=SRR1502496,S055,pooled forest soil sample-S055,462,3187234,7189704,3,6,4,2014-07-09T00:00:00Z,2014-07-09
MDDBSRR000316,SRR1502497,https://trace.ncbi.nlm.nih.gov/Traces/sra/?run=SRR1502497,S056,pooled forest soil sample-S056,467,3777759,8476598,3,8,4,2014-07-09T00:00:00Z,2014-07-09
MDDBSRR000317,SRR1502498,https://trace.ncbi.nlm.nih.gov/Traces/sra/?run=SRR1502498,S057,pooled forest soil sample-S057,461,2088492,4751672,2,4,4,2014-07-09T00:00:00Z,2014-07-09
MDDBSRR000318,SRR1502499,https://trace.ncbi.nlm.nih.gov/Traces/sra/?run=SRR1502499,S058,pooled forest soil sample-S058,477,2859861,6327245,2,6,4,2014-07-09T00:00:00Z,2014-07-09
MDDBSRR000319,SRR1502500,https://trace.ncbi.nlm.nih.gov/Traces/sra/?run=SRR1502500,S059,pooled forest soil sample-S059,476,3447798,7637923,3,7,4,2014-07-09T00:00:00Z,2014-07-09
MDDBSRR000320,SRR1502501,https://trace.ncbi.nlm.nih.gov/Traces/sra/?run=SRR1502501,S060,pooled forest soil sample-S060,473,2174359,4836995,2,4,4,2014-07-09T00:00:00Z,2014-07-09
MDDBSRR000321,SRR1502502,https://trace.ncbi.nlm.nih.gov/Traces/sra/?run=SRR1502502,S061,pooled forest soil sample-S061,478,3100281,6886902,3,6,4,2014-07-09T00:00:00Z,2014-07-09
MDDBSRR000322,SRR1502430,https://trace.ncbi.nlm.nih.gov/Traces/sra/?run=SRR1502430,G3051,pooled forest soil sample-G3051,481,3012789,6670698,3,6,4,2014-07-09T00:00:00Z,2014-07-09
MDDBSRR000323,SRR1502639,https://trace.ncbi.nlm.nih.gov/Traces/sra/?run=SRR1502639,S210,pooled forest soil sample-S210,470,2706333,6053261,2,5,4,2014-07-09T00:00:00Z,2014-07-09
MDDBSRR000324,SRR1502642,https://trace.ncbi.nlm.nih.gov/Traces/sra/?run=SRR1502642,S213,pooled forest soil sample-S213,476,2646029,5887625,2,5,4,2014-07-09T00:00:00Z,2014-07-09
MDDBSRR000325,SRR1502640,https://trace.ncbi.nlm.nih.gov/Traces/sra/?run=SRR1502640,S211,pooled forest soil sample-S211,470,2224674,4962153,2,4,4,2014-07-09T00:00:00Z,2014-07-09
MDDBSRR000326,SRR1502641,https://trace.ncbi.nlm.nih.gov/Traces/sra/?run=SRR1502641,S212,pooled forest soil sample-S212,471,3323628,7389562,3,7,4,2014-07-09T00:00:00Z,2014-07-09
MDDBSRR000327,SRR1502435,https://trace.ncbi.nlm.nih.gov/Traces/sra/?run=SRR1502435,G3060,pooled forest soil sample-G3060,472,4509683,9957599,4,9,4,2014-07-09T00:00:00Z,2014-07-09
MDDBSRR000328,SRR1502644,https://trace.ncbi.nlm.nih.gov/Traces/sra/?run=SRR1502644,S215,pooled forest soil sample-S215,467,1972790,4408428,1,4,4,2014-07-09T00:00:00Z,2014-07-09
MDDBSRR000329,SRR1502433,https://trace.ncbi.nlm.nih.gov/Traces/sra/?run=SRR1502433,G3057,pooled forest soil sample-G3057,450,2475624,5568255,2,5,4,2014-07-09T00:00:00Z,2014-07-09
MDDBSRR000330,SRR1502431,https://trace.ncbi.nlm.nih.gov/Traces/sra/?run=SRR1502431,G3055,pooled forest soil sample-G3055,478,3136669,6975079,3,6,4,2014-07-09T00:00:00Z,2014-07-09
MDDBSRR000331,SRR1502432,https://trace.ncbi.nlm.nih.gov/Traces/sra/?run=SRR1502432,G3056,pooled forest soil sample-G3056,468,3042814,6826070,3,6,4,2014-07-09T00:00:00Z,2014-07-09
MDDBSRR000332,SRR1502434,https://trace.ncbi.nlm.nih.gov/Traces/sra/?run=SRR1502434,G3059,pooled forest soil sample-G3059,449,2978769,6715121,2,6,4,2014-07-09T00:00:00Z,2014-07-09
MDDBSRR000333,SRR1502429,https://trace.ncbi.nlm.nih.gov/Traces/sra/?run=SRR1502429,G3050,pooled forest soil sample-G3050,467,3436455,7660753,3,7,4,2014-07-09T00:00:00Z,2014-07-09
MDDBSRR000334,SRR1502643,https://trace.ncbi.nlm.nih.gov/Traces/sra/?run=SRR1502643,S214,pooled forest soil sample-S214,456,2392942,5366877,2,5,4,2014-07-09T00:00:00Z,2014-07-09
MDDBSRR000335,SRR1502660,https://trace.ncbi.nlm.nih.gov/Traces/sra/?run=SRR1502660,S231,pooled forest soil sample-S231,459,3020292,6641948,3,6,4,2014-07-09T00:00:00Z,2014-07-09
MDDBSRR000336,SRR1502661,https://trace.ncbi.nlm.nih.gov/Traces/sra/?run=SRR1502661,S232,pooled forest soil sample-S232,452,2632894,5859196,2,5,4,2014-07-09T00:00:00Z,2014-07-09
MDDBSRR000337,SRR1502487,https://trace.ncbi.nlm.nih.gov/Traces/sra/?run=SRR1502487,S043,pooled forest soil sample-S043,463,2852502,6348036,2,6,4,2014-07-09T00:00:00Z,2014-07-09
MDDBSRR000338,SRR1502494,https://trace.ncbi.nlm.nih.gov/Traces/sra/?run=SRR1502494,S052,pooled forest soil sample-S052,467,2931872,6525233,2,6,4,2014-07-09T00:00:00Z,2014-07-09
MDDBSRR000339,SRR1502581,https://trace.ncbi.nlm.nih.gov/Traces/sra/?run=SRR1502581,S141,pooled forest soil sample-S141,478,2672325,5823658,2,5,4,2014-07-09T00:00:00Z,2014-07-09
MDDBSRR000340,SRR1502495,https://trace.ncbi.nlm.nih.gov/Traces/sra/?run=SRR1502495,S053,pooled forest soil sample-S053,476,2639897,5826905,2,5,4,2014-07-09T00:00:00Z,2014-07-09
MDDBSRR000341,SRR1502488,https://trace.ncbi.nlm.nih.gov/Traces/sra/?run=SRR1502488,S044,pooled forest soil sample-S044,464,2443885,5447205,2,5,4,2014-07-09T00:00:00Z,2014-07-09
MDDBSRR000342,SRR1502563,https://trace.ncbi.nlm.nih.gov/Traces/sra/?run=SRR1502563,S123,pooled forest soil sample-S123,465,3689194,8024058,3,7,4,2014-07-09T00:00:00Z,2014-07-09
MDDBSRR000343,SRR1502570,https://trace.ncbi.nlm.nih.gov/Traces/sra/?run=SRR1502570,S130,pooled forest soil sample-S130,481,4735278,10201749,4,9,4,2014-07-09T00:00:00Z,2014-07-09
MDDBSRR000344,SRR1502562,https://trace.ncbi.nlm.nih.gov/Traces/sra/?run=SRR1502562,S122,pooled forest soil sample-S122,466,4216925,9194957,4,8,4,2014-07-09T00:00:00Z,2014-07-09
MDDBSRR000345,SRR1502565,https://trace.ncbi.nlm.nih.gov/Traces/sra/?run=SRR1502565,S125,pooled forest soil sample-S125,465,2041496,4435780,2,4,4,2014-07-09T00:00:00Z,2014-07-09
MDDBSRR000346,SRR1502566,https://trace.ncbi.nlm.nih.gov/Traces/sra/?run=SRR1502566,S126,pooled forest soil sample-S126,490,3875521,8366270,3,7,4,2014-07-09T00:00:00Z,2014-07-09
MDDBSRR000347,SRR1502568,https://trace.ncbi.nlm.nih.gov/Traces/sra/?run=SRR1502568,S128,pooled forest soil sample-S128,471,2543738,5547235,2,5,4,2014-07-09T00:00:00Z,2014-07-09
MDDBSRR000348,SRR1502567,https://trace.ncbi.nlm.nih.gov/Traces/sra/?run=SRR1502567,S127,pooled forest soil sample-S127,478,3149372,6798413,3,6,4,2014-07-09T00:00:00Z,2014-07-09
MDDBSRR000349,SRR1502564,https://trace.ncbi.nlm.nih.gov/Traces/sra/?run=SRR1502564,S124,pooled forest soil sample-S124,473,2815508,6120065,2,5,4,2014-07-09T00:00:00Z,2014-07-09
MDDBSRR000350,SRR1502569,https://trace.ncbi.nlm.nih.gov/Traces/sra/?run=SRR1502569,S129,pooled forest soil sample-S129,482,3855113,8335338,3,7,4,2014-07-09T00:00:00Z,2014-07-09
MDDBSRR000351,SRR1502484,https://trace.ncbi.nlm.nih.gov/Traces/sra/?run=SRR1502484,S040,pooled forest soil sample-S040,458,936090,2135729,0,2,4,2014-07-09T00:00:00Z,2014-07-09
MDDBSRR000352,SRR1502481,https://trace.ncbi.nlm.nih.gov/Traces/sra/?run=SRR1502481,S037,pooled forest soil sample-S037,483,3345003,7414144,3,7,4,2014-07-09T00:00:00Z,2014-07-09
MDDBSRR000353,SRR1502482,https://trace.ncbi.nlm.nih.gov/Traces/sra/?run=SRR1502482,S038,pooled forest soil sample-S038,472,3940448,8742133,3,8,4,2014-07-09T00:00:00Z,2014-07-09
MDDBSRR000354,SRR1502483,https://trace.ncbi.nlm.nih.gov/Traces/sra/?run=SRR1502483,S039,pooled forest soil sample-S039,476,3052338,6791878,3,6,4,2014-07-09T00:00:00Z,2014-07-09
MDDBSRR000355,SRR1502597,https://trace.ncbi.nlm.nih.gov/Traces/sra/?run=SRR1502597,S167,pooled forest soil sample-S167,477,4382738,9454106,4,9,4,2014-07-09T00:00:00Z,2014-07-09
MDDBSRR000356,SRR1502596,https://trace.ncbi.nlm.nih.gov/Traces/sra/?run=SRR1502596,S166,pooled forest soil sample-S166,489,3259643,7053065,3,6,4,2014-07-09T00:00:00Z,2014-07-09
MDDBSRR000357,SRR1502451,https://trace.ncbi.nlm.nih.gov/Traces/sra/?run=SRR1502451,S007,pooled forest soil sample-S007,485,3880926,8595518,3,8,4,2014-07-09T00:00:00Z,2014-07-09
MDDBSRR000358,SRR1502452,https://trace.ncbi.nlm.nih.gov/Traces/sra/?run=SRR1502452,S008,pooled forest soil sample-S008,477,3567719,7901224,3,7,4,2014-07-09T00:00:00Z,2014-07-09
MDDBSRR000359,SRR1502454,https://trace.ncbi.nlm.nih.gov/Traces/sra/?run=SRR1502454,S010,pooled forest soil sample-S010,477,3847442,8580189,3,8,4,2014-07-09T00:00:00Z,2014-07-09
MDDBSRR000360,SRR1502457,https://trace.ncbi.nlm.nih.gov/Traces/sra/?run=SRR1502457,S013,pooled forest soil sample-S013,471,2296449,5132631,2,4,4,2014-07-09T00:00:00Z,2014-07-09
MDDBSRR000361,SRR1502458,https://trace.ncbi.nlm.nih.gov/Traces/sra/?run=SRR1502458,S014,pooled forest soil sample-S014,470,2321817,5190827,2,4,4,2014-07-09T00:00:00Z,2014-07-09
MDDBSRR000362,SRR1502447,https://trace.ncbi.nlm.nih.gov/Traces/sra/?run=SRR1502447,S003,pooled forest soil sample-S003,481,4324992,9627496,4,9,4,2014-07-09T00:00:00Z,2014-07-09
MDDBSRR000363,SRR1502455,https://trace.ncbi.nlm.nih.gov/Traces/sra/?run=SRR1502455,S011,pooled forest soil sample-S011,478,3944189,8785747,3,8,4,2014-07-09T00:00:00Z,2014-07-09
MDDBSRR000364,SRR1502459,https://trace.ncbi.nlm.nih.gov/Traces/sra/?run=SRR1502459,S015,pooled forest soil sample-S015,462,2170247,4887873,2,4,4,2014-07-09T00:00:00Z,2014-07-09
MDDBSRR000365,SRR1502446,https://trace.ncbi.nlm.nih.gov/Traces/sra/?run=SRR1502446,S002,pooled forest soil sample-S002,462,2835942,6350621,2,6,4,2014-07-09T00:00:00Z,2014-07-09
MDDBSRR000366,SRR1502448,https://trace.ncbi.nlm.nih.gov/Traces/sra/?run=SRR1502448,S004,pooled forest soil sample-S004,484,3395375,7545703,3,7,4,2014-07-09T00:00:00Z,2014-07-09
MDDBSRR000367,SRR1502449,https://trace.ncbi.nlm.nih.gov/Traces/sra/?run=SRR1502449,S005,pooled forest soil sample-S005,483,3652472,8076744,3,7,4,2014-07-09T00:00:00Z,2014-07-09
MDDBSRR000368,SRR1502453,https://trace.ncbi.nlm.nih.gov/Traces/sra/?run=SRR1502453,S009,pooled forest soil sample-S009,451,3349872,7523974,3,7,4,2014-07-09T00:00:00Z,2014-07-09
MDDBSRR000369,SRR1502450,https://trace.ncbi.nlm.nih.gov/Traces/sra/?run=SRR1502450,S006,pooled forest soil sample-S006,486,3491209,7763162,3,7,4,2014-07-09T00:00:00Z,2014-07-09
MDDBSRR000370,SRR1502445,https://trace.ncbi.nlm.nih.gov/Traces/sra/?run=SRR1502445,S001,pooled forest soil sample-S001,451,3619022,8184317,3,7,4,2014-07-09T00:00:00Z,2014-07-09
MDDBSRR000371,SRR1502456,https://trace.ncbi.nlm.nih.gov/Traces/sra/?run=SRR1502456,S012,pooled forest soil sample-S012,474,3661015,8131246,3,7,4,2014-07-09T00:00:00Z,2014-07-09
MDDBSRR000372,SRR1502400,https://trace.ncbi.nlm.nih.gov/Traces/sra/?run=SRR1502400,G2756,pooled forest soil sample-G2756,457,1929424,4339320,1,4,4,2014-07-09T00:00:00Z,2014-07-09
MDDBSRR000373,SRR1502401,https://trace.ncbi.nlm.nih.gov/Traces/sra/?run=SRR1502401,G2757,pooled forest soil sample-G2757,468,2776905,6179045,2,5,4,2014-07-09T00:00:00Z,2014-07-09
MDDBSRR000374,SRR1502403,https://trace.ncbi.nlm.nih.gov/Traces/sra/?run=SRR1502403,G2758,pooled forest soil sample-G2758,456,1969498,4392681,1,4,4,2014-07-09T00:00:00Z,2014-07-09
MDDBSRR000375,SRR1502538,https://trace.ncbi.nlm.nih.gov/Traces/sra/?run=SRR1502538,S097,pooled forest soil sample-S097,468,2276564,5124330,2,4,4,2014-07-09T00:00:00Z,2014-07-09
MDDBSRR000376,SRR1502633,https://trace.ncbi.nlm.nih.gov/Traces/sra/?run=SRR1502633,S203,pooled forest soil sample-S203,463,2069034,4646276,2,4,4,2014-07-09T00:00:00Z,2014-07-09
MDDBSRR000377,SRR1502631,https://trace.ncbi.nlm.nih.gov/Traces/sra/?run=SRR1502631,S201,pooled forest soil sample-S201,439,2488397,5694512,2,5,4,2014-07-09T00:00:00Z,2014-07-09
MDDBSRR000378,SRR1502632,https://trace.ncbi.nlm.nih.gov/Traces/sra/?run=SRR1502632,S202,pooled forest soil sample-S202,439,2061902,4721024,2,4,4,2014-07-09T00:00:00Z,2014-07-09
MDDBSRR000379,SRR1502405,https://trace.ncbi.nlm.nih.gov/Traces/sra/?run=SRR1502405,G2761a,pooled forest soil sample-G2761a,455,2141254,4813947,2,4,4,2014-07-09T00:00:00Z,2014-07-09
MDDBSRR000380,SRR1502404,https://trace.ncbi.nlm.nih.gov/Traces/sra/?run=SRR1502404,G2760,pooled forest soil sample-G2760,474,2575952,5694040,2,5,4,2014-07-09T00:00:00Z,2014-07-09
MDDBSRR000381,SRR1502595,https://trace.ncbi.nlm.nih.gov/Traces/sra/?run=SRR1502595,S165,pooled forest soil sample-S165,485,4163676,8977006,4,8,4,2014-07-09T00:00:00Z,2014-07-09
MDDBSRR000382,SRR1502480,https://trace.ncbi.nlm.nih.gov/Traces/sra/?run=SRR1502480,S036,pooled forest soil sample-S036,461,1969241,4411510,1,4,4,2014-07-09T00:00:00Z,2014-07-09
MDDBSRR000383,SRR1502594,https://trace.ncbi.nlm.nih.gov/Traces/sra/?run=SRR1502594,S164,pooled forest soil sample-S164,482,3359280,7271382,3,6,4,2014-07-09T00:00:00Z,2014-07-09
MDDBSRR000384,SRR1502593,https://trace.ncbi.nlm.nih.gov/Traces/sra/?run=SRR1502593,S163,pooled forest soil sample-S163,466,3558237,7702896,3,7,4,2014-07-09T00:00:00Z,2014-07-09
MDDBSRR000385,SRR1502602,https://trace.ncbi.nlm.nih.gov/Traces/sra/?run=SRR1502602,S172,pooled forest soil sample-S172,488,2947049,6381034,2,6,4,2014-07-09T00:00:00Z,2014-07-09
MDDBSRR000386,SRR1502601,https://trace.ncbi.nlm.nih.gov/Traces/sra/?run=SRR1502601,S171,pooled forest soil sample-S171,487,3266104,7024535,3,6,4,2014-07-09T00:00:00Z,2014-07-09
MDDBSRR000387,SRR1502600,https://trace.ncbi.nlm.nih.gov/Traces/sra/?run=SRR1502600,S170,pooled forest soil sample-S170,480,3211056,6935843,3,6,4,2014-07-09T00:00:00Z,2014-07-09
MDDBSRR000388,SRR1502598,https://trace.ncbi.nlm.nih.gov/Traces/sra/?run=SRR1502598,S168,pooled forest soil sample-S168,479,2866036,6175634,2,5,4,2014-07-09T00:00:00Z,2014-07-09
MDDBSRR000389,SRR1502599,https://trace.ncbi.nlm.nih.gov/Traces/sra/?run=SRR1502599,S169,pooled forest soil sample-S169,483,4900599,10518865,4,10,4,2014-07-09T00:00:00Z,2014-07-09
MDDBSRR000390,SRR1502418,https://trace.ncbi.nlm.nih.gov/Traces/sra/?run=SRR1502418,G2838,pooled forest soil sample-G2838,455,2726413,6112139,2,5,4,2014-07-09T00:00:00Z,2014-07-09
MDDBSRR000391,SRR1502669,https://trace.ncbi.nlm.nih.gov/Traces/sra/?run=SRR1502669,S241,pooled forest soil sample-S241,440,2301796,5179180,2,4,4,2014-07-09T00:00:00Z,2014-07-09
MDDBSRR000392,SRR1502668,https://trace.ncbi.nlm.nih.gov/Traces/sra/?run=SRR1502668,S240,pooled forest soil sample-S240,427,3571184,8057284,3,7,4,2014-07-09T00:00:00Z,2014-07-09
MDDBSRR000393,SRR1502419,https://trace.ncbi.nlm.nih.gov/Traces/sra/?run=SRR1502419,G2839,pooled forest soil sample-G2839,456,2451741,5532435,2,5,4,2014-07-09T00:00:00Z,2014-07-09
MDDBSRR000394,SRR1502582,https://trace.ncbi.nlm.nih.gov/Traces/sra/?run=SRR1502582,S142,pooled forest soil sample-S142,471,4008460,8721879,4,8,4,2014-07-09T00:00:00Z,2014-07-09
MDDBSRR000395,SRR1502584,https://trace.ncbi.nlm.nih.gov/Traces/sra/?run=SRR1502584,S146,pooled forest soil sample-S146,479,2823950,6123458,2,5,4,2014-07-09T00:00:00Z,2014-07-09
MDDBSRR000396,SRR1502585,https://trace.ncbi.nlm.nih.gov/Traces/sra/?run=SRR1502585,S147,pooled forest soil sample-S147,441,3072479,6834533,3,6,4,2014-07-09T00:00:00Z,2014-07-09
MDDBSRR000397,SRR1502583,https://trace.ncbi.nlm.nih.gov/Traces/sra/?run=SRR1502583,S143,pooled forest soil sample-S143,459,2534113,5582794,2,5,4,2014-07-09T00:00:00Z,2014-07-09
MDDBSRR000398,SRR1502586,https://trace.ncbi.nlm.nih.gov/Traces/sra/?run=SRR1502586,S148,pooled forest soil sample-S148,491,3180064,6884822,3,6,4,2014-07-09T00:00:00Z,2014-07-09
MDDBSRR000399,SRR1502360,https://trace.ncbi.nlm.nih.gov/Traces/sra/?run=SRR1502360,G2661,pooled forest soil sample-G2661,448,3232510,7285665,3,6,4,2014-07-09T00:00:00Z,2014-07-09
MDDBSRR000400,SRR1502368,https://trace.ncbi.nlm.nih.gov/Traces/sra/?run=SRR1502368,G2675,pooled forest soil sample-G2675,470,2295769,5055007,2,4,4,2014-07-09T00:00:00Z,2014-07-09
MDDBSRR000401,SRR1502369,https://trace.ncbi.nlm.nih.gov/Traces/sra/?run=SRR1502369,G2676,pooled forest soil sample-G2676,443,2904967,6599056,2,6,4,2014-07-09T00:00:00Z,2014-07-09
MDDBSRR000402,SRR1502377,https://trace.ncbi.nlm.nih.gov/Traces/sra/?run=SRR1502377,G2732,pooled forest soil sample-G2732,467,2545250,5668041,2,5,4,2014-07-09T00:00:00Z,2014-07-09
MDDBSRR000403,SRR1502378,https://trace.ncbi.nlm.nih.gov/Traces/sra/?run=SRR1502378,G2733,pooled forest soil sample-G2733,472,2154150,4752699,2,4,4,2014-07-09T00:00:00Z,2014-07-09
MDDBSRR000404,SRR1502380,https://trace.ncbi.nlm.nih.gov/Traces/sra/?run=SRR1502380,G2735,pooled forest soil sample-G2735,443,2101475,4807217,2,4,4,2014-07-09T00:00:00Z,2014-07-09
MDDBSRR000405,SRR1502381,https://trace.ncbi.nlm.nih.gov/Traces/sra/?run=SRR1502381,G2736,pooled forest soil sample-G2736,455,1863296,4187834,1,3,4,2014-07-09T00:00:00Z,2014-07-09
MDDBSRR000406,SRR1502387,https://trace.ncbi.nlm.nih.gov/Traces/sra/?run=SRR1502387,G2742,pooled forest soil sample-G2742,483,2671555,5865425,2,5,4,2014-07-09T00:00:00Z,2014-07-09
MDDBSRR000407,SRR1502379,https://trace.ncbi.nlm.nih.gov/Traces/sra/?run=SRR1502379,G2734,pooled forest soil sample-G2734,481,2482363,5513094,2,5,4,2014-07-09T00:00:00Z,2014-07-09
MDDBSRR000408,SRR1502362,https://trace.ncbi.nlm.nih.gov/Traces/sra/?run=SRR1502362,G2663,pooled forest soil sample-G2663,442,2077569,4732952,2,4,4,2014-07-09T00:00:00Z,2014-07-09
MDDBSRR000409,SRR1502363,https://trace.ncbi.nlm.nih.gov/Traces/sra/?run=SRR1502363,G2664,pooled forest soil sample-G2664,461,2669902,5943056,2,5,4,2014-07-09T00:00:00Z,2014-07-09
MDDBSRR000410,SRR1502364,https://trace.ncbi.nlm.nih.gov/Traces/sra/?run=SRR1502364,G2666,pooled forest soil sample-G2666,479,2798811,6126892,2,5,4,2014-07-09T00:00:00Z,2014-07-09
MDDBSRR000411,SRR1502365,https://trace.ncbi.nlm.nih.gov/Traces/sra/?run=SRR1502365,G2667,pooled forest soil sample-G2667,475,2557669,5613865,2,5,4,2014-07-09T00:00:00Z,2014-07-09
MDDBSRR000412,SRR1502366,https://trace.ncbi.nlm.nih.gov/Traces/sra/?run=SRR1502366,G2669,pooled forest soil sample-G2669,485,3853612,8308276,3,7,4,2014-07-09T00:00:00Z,2014-07-09
MDDBSRR000413,SRR1502367,https://trace.ncbi.nlm.nih.gov/Traces/sra/?run=SRR1502367,G2674,pooled forest soil sample-G2674,470,2800019,6207495,2,5,4,2014-07-09T00:00:00Z,2014-07-09
MDDBSRR000414,SRR1502386,https://trace.ncbi.nlm.nih.gov/Traces/sra/?run=SRR1502386,G2741,pooled forest soil sample-G2741,468,2972942,6586889,2,6,4,2014-07-09T00:00:00Z,2014-07-09
MDDBSRR000415,SRR1502374,https://trace.ncbi.nlm.nih.gov/Traces/sra/?run=SRR1502374,G2728,pooled forest soil sample-G2728,468,2287741,5056658,2,4,4,2014-07-09T00:00:00Z,2014-07-09
MDDBSRR000416,SRR1502375,https://trace.ncbi.nlm.nih.gov/Traces/sra/?run=SRR1502375,G2729,pooled forest soil sample-G2729,473,1884244,4156613,1,3,4,2014-07-09T00:00:00Z,2014-07-09
MDDBSRR000417,SRR1502376,https://trace.ncbi.nlm.nih.gov/Traces/sra/?run=SRR1502376,G2730,pooled forest soil sample-G2730,465,2226644,4918827,2,4,4,2014-07-09T00:00:00Z,2014-07-09
MDDBSRR000418,SRR1502371,https://trace.ncbi.nlm.nih.gov/Traces/sra/?run=SRR1502371,G2678,pooled forest soil sample-G2678,461,2524235,5676363,2,5,4,2014-07-09T00:00:00Z,2014-07-09
MDDBSRR000419,SRR1502372,https://trace.ncbi.nlm.nih.gov/Traces/sra/?run=SRR1502372,G2679,pooled forest soil sample-G2679,479,2192167,4833881,2,4,4,2014-07-09T00:00:00Z,2014-07-09
MDDBSRR000420,SRR1502370,https://trace.ncbi.nlm.nih.gov/Traces/sra/?run=SRR1502370,G2677,pooled forest soil sample-G2677,461,1823536,4081539,1,3,4,2014-07-09T00:00:00Z,2014-07-09
MDDBSRR000421,SRR1502373,https://trace.ncbi.nlm.nih.gov/Traces/sra/?run=SRR1502373,G2700,pooled forest soil sample-G2700,458,1844668,4117176,1,3,4,2014-07-09T00:00:00Z,2014-07-09
MDDBSRR000422,SRR1502382,https://trace.ncbi.nlm.nih.gov/Traces/sra/?run=SRR1502382,G2737,pooled forest soil sample-G2737,441,2186687,4973064,2,4,4,2014-07-09T00:00:00Z,2014-07-09
MDDBSRR000423,SRR1502383,https://trace.ncbi.nlm.nih.gov/Traces/sra/?run=SRR1502383,G2738,pooled forest soil sample-G2738,445,2643265,6007288,2,5,4,2014-07-09T00:00:00Z,2014-07-09
MDDBSRR000424,SRR1502384,https://trace.ncbi.nlm.nih.gov/Traces/sra/?run=SRR1502384,G2739,pooled forest soil sample-G2739,450,2945661,6619151,2,6,4,2014-07-09T00:00:00Z,2014-07-09
MDDBSRR000425,SRR1502385,https://trace.ncbi.nlm.nih.gov/Traces/sra/?run=SRR1502385,G2740,pooled forest soil sample-G2740,461,3344034,7407305,3,7,4,2014-07-09T00:00:00Z,2014-07-09
MDDBSRR000426,SRR1502361,https://trace.ncbi.nlm.nih.gov/Traces/sra/?run=SRR1502361,G2662,pooled forest soil sample-G2662,449,3348012,7581125,3,7,4,2014-07-09T00:00:00Z,2014-07-09
MDDBSRR000427,SRR1502359,https://trace.ncbi.nlm.nih.gov/Traces/sra/?run=SRR1502359,G2660,pooled forest soil sample-G2660,464,3533366,7858649,3,7,4,2014-07-09T00:00:00Z,2014-07-09
MDDBSRR000428,SRR1502358,https://trace.ncbi.nlm.nih.gov/Traces/sra/?run=SRR1502358,G2659,pooled forest soil sample-G2659,458,2298050,5125054,2,4,4,2014-07-09T00:00:00Z,2014-07-09
MDDBSRR000429,SRR1502354,https://trace.ncbi.nlm.nih.gov/Traces/sra/?run=SRR1502354,G2653,pooled forest soil sample-G2653,462,3145150,7012831,3,6,4,2014-07-09T00:00:00Z,2014-07-09
MDDBSRR000430,SRR1502355,https://trace.ncbi.nlm.nih.gov/Traces/sra/?run=SRR1502355,G2655,pooled forest soil sample-G2655,456,1880988,4221921,1,4,4,2014-07-09T00:00:00Z,2014-07-09
MDDBSRR000431,SRR1502356,https://trace.ncbi.nlm.nih.gov/Traces/sra/?run=SRR1502356,G2657,pooled forest soil sample-G2657,474,3069208,6771747,3,6,4,2014-07-09T00:00:00Z,2014-07-09
MDDBSRR000432,SRR1502357,https://trace.ncbi.nlm.nih.gov/Traces/sra/?run=SRR1502357,G2658,pooled forest soil sample-G2658,472,2631668,5784884,2,5,4,2014-07-09T00:00:00Z,2014-07-09
MDDBSRR000433,SRR1502579,https://trace.ncbi.nlm.nih.gov/Traces/sra/?run=SRR1502579,S139,pooled forest soil sample-S139,475,2879013,6196356,2,5,4,2014-07-09T00:00:00Z,2014-07-09
MDDBSRR000434,SRR1502580,https://trace.ncbi.nlm.nih.gov/Traces/sra/?run=SRR1502580,S140,pooled forest soil sample-S140,475,3074143,6667987,3,6,4,2014-07-09T00:00:00Z,2014-07-09
MDDBSRR000435,SRR1502489,https://trace.ncbi.nlm.nih.gov/Traces/sra/?run=SRR1502489,S045,pooled forest soil sample-S045,464,1453410,3272992,1,3,4,2014-07-09T00:00:00Z,2014-07-09
MDDBSRR000436,SRR1502490,https://trace.ncbi.nlm.nih.gov/Traces/sra/?run=SRR1502490,S046,pooled forest soil sample-S046,460,2058479,4626100,2,4,4,2014-07-09T00:00:00Z,2014-07-09
MDDBSRR000437,SRR1502491,https://trace.ncbi.nlm.nih.gov/Traces/sra/?run=SRR1502491,S047,pooled forest soil sample-S047,456,2487377,5599381,2,5,4,2014-07-09T00:00:00Z,2014-07-09
MDDBSRR000438,SRR1502492,https://trace.ncbi.nlm.nih.gov/Traces/sra/?run=SRR1502492,S048,pooled forest soil sample-S048,457,1552743,3512043,1,3,4,2014-07-09T00:00:00Z,2014-07-09
MDDBSRR000439,SRR1502493,https://trace.ncbi.nlm.nih.gov/Traces/sra/?run=SRR1502493,S049,pooled forest soil sample-S049,484,3274468,7240895,3,6,4,2014-07-09T00:00:00Z,2014-07-09
MDDBSRR000440,SRR1502471,https://trace.ncbi.nlm.nih.gov/Traces/sra/?run=SRR1502471,S027,pooled forest soil sample-S027,481,2004997,4457494,2,4,4,2014-07-09T00:00:00Z,2014-07-09
MDDBSRR000441,SRR1502473,https://trace.ncbi.nlm.nih.gov/Traces/sra/?run=SRR1502473,S029,pooled forest soil sample-S029,457,3252037,7249543,3,6,4,2014-07-09T00:00:00Z,2014-07-09
MDDBSRR000442,SRR1502477,https://trace.ncbi.nlm.nih.gov/Traces/sra/?run=SRR1502477,S033,pooled forest soil sample-S033,491,3695845,8141752,3,7,4,2014-07-09T00:00:00Z,2014-07-09
MDDBSRR000443,SRR1502470,https://trace.ncbi.nlm.nih.gov/Traces/sra/?run=SRR1502470,S026,pooled forest soil sample-S026,482,2683083,5928585,2,5,4,2014-07-09T00:00:00Z,2014-07-09
MDDBSRR000444,SRR1502476,https://trace.ncbi.nlm.nih.gov/Traces/sra/?run=SRR1502476,S032,pooled forest soil sample-S032,484,2596289,5753078,2,5,4,2014-07-09T00:00:00Z,2014-07-09
MDDBSRR000445,SRR1502479,https://trace.ncbi.nlm.nih.gov/Traces/sra/?run=SRR1502479,S035,pooled forest soil sample-S035,489,3980926,8779398,3,8,4,2014-07-09T00:00:00Z,2014-07-09
MDDBSRR000446,SRR1502474,https://trace.ncbi.nlm.nih.gov/Traces/sra/?run=SRR1502474,S030,pooled forest soil sample-S030,471,3066394,6741714,3,6,4,2014-07-09T00:00:00Z,2014-07-09
MDDBSRR000447,SRR1502463,https://trace.ncbi.nlm.nih.gov/Traces/sra/?run=SRR1502463,S019,pooled forest soil sample-S019,469,2304137,5126117,2,4,4,2014-07-09T00:00:00Z,2014-07-09
MDDBSRR000448,SRR1502468,https://trace.ncbi.nlm.nih.gov/Traces/sra/?run=SRR1502468,S024,pooled forest soil sample-S024,475,3228645,7113205,3,6,4,2014-07-09T00:00:00Z,2014-07-09
MDDBSRR000449,SRR1502469,https://trace.ncbi.nlm.nih.gov/Traces/sra/?run=SRR1502469,S025,pooled forest soil sample-S025,480,2548023,5640067,2,5,4,2014-07-09T00:00:00Z,2014-07-09
MDDBSRR000450,SRR1502478,https://trace.ncbi.nlm.nih.gov/Traces/sra/?run=SRR1502478,S034,pooled forest soil sample-S034,488,2451513,5450906,2,5,4,2014-07-09T00:00:00Z,2014-07-09
MDDBSRR000451,SRR1502464,https://trace.ncbi.nlm.nih.gov/Traces/sra/?run=SRR1502464,S020,pooled forest soil sample-S020,472,2738307,6065604,2,5,4,2014-07-09T00:00:00Z,2014-07-09
MDDBSRR000452,SRR1502465,https://trace.ncbi.nlm.nih.gov/Traces/sra/?run=SRR1502465,S021,pooled forest soil sample-S021,469,1467188,3285851,1,3,4,2014-07-09T00:00:00Z,2014-07-09
MDDBSRR000453,SRR1502475,https://trace.ncbi.nlm.nih.gov/Traces/sra/?run=SRR1502475,S031,pooled forest soil sample-S031,475,3064045,6768861,3,6,4,2014-07-09T00:00:00Z,2014-07-09
MDDBSRR000454,SRR1502462,https://trace.ncbi.nlm.nih.gov/Traces/sra/?run=SRR1502462,S018,pooled forest soil sample-S018,477,3003732,6647645,3,6,4,2014-07-09T00:00:00Z,2014-07-09
MDDBSRR000455,SRR1502466,https://trace.ncbi.nlm.nih.gov/Traces/sra/?run=SRR1502466,S022,pooled forest soil sample-S022,477,3556730,7871683,3,7,4,2014-07-09T00:00:00Z,2014-07-09
MDDBSRR000456,SRR1502472,https://trace.ncbi.nlm.nih.gov/Traces/sra/?run=SRR1502472,S028,pooled forest soil sample-S028,477,2703553,5980474,2,5,4,2014-07-09T00:00:00Z,2014-07-09
MDDBSRR000457,SRR1502467,https://trace.ncbi.nlm.nih.gov/Traces/sra/?run=SRR1502467,S023,pooled forest soil sample-S023,484,2348167,5214491,2,4,4,2014-07-09T00:00:00Z,2014-07-09
MDDBSRR000458,SRR1502577,https://trace.ncbi.nlm.nih.gov/Traces/sra/?run=SRR1502577,S137,pooled forest soil sample-S137,462,3203049,6960390,3,6,4,2014-07-09T00:00:00Z,2014-07-09
MDDBSRR000459,SRR1502578,https://trace.ncbi.nlm.nih.gov/Traces/sra/?run=SRR1502578,S138,pooled forest soil sample-S138,472,2055483,4487117,2,4,4,2014-07-09T00:00:00Z,2014-07-09
MDDBSRR000460,SRR1502575,https://trace.ncbi.nlm.nih.gov/Traces/sra/?run=SRR1502575,S135,pooled forest soil sample-S135,456,2866927,6274748,2,5,4,2014-07-09T00:00:00Z,2014-07-09
MDDBSRR000461,SRR1502576,https://trace.ncbi.nlm.nih.gov/Traces/sra/?run=SRR1502576,S136,pooled forest soil sample-S136,455,2543752,5571569,2,5,4,2014-07-09T00:00:00Z,2014-07-09
MDDBSRR000462,SRR1502571,https://trace.ncbi.nlm.nih.gov/Traces/sra/?run=SRR1502571,S131,pooled forest soil sample-S131,461,3259371,7123141,3,6,4,2014-07-09T00:00:00Z,2014-07-09
MDDBSRR000463,SRR1502572,https://trace.ncbi.nlm.nih.gov/Traces/sra/?run=SRR1502572,S132,pooled forest soil sample-S132,457,2541823,5596077,2,5,4,2014-07-09T00:00:00Z,2014-07-09
MDDBSRR000464,SRR1502573,https://trace.ncbi.nlm.nih.gov/Traces/sra/?run=SRR1502573,S133,pooled forest soil sample-S133,497,4100238,8843022,4,8,4,2014-07-09T00:00:00Z,2014-07-09
MDDBSRR000465,SRR1502574,https://trace.ncbi.nlm.nih.gov/Traces/sra/?run=SRR1502574,S134,pooled forest soil sample-S134,459,3093589,6800609,3,6,4,2014-07-09T00:00:00Z,2014-07-09
MDDBSRR000466,SRR1502557,https://trace.ncbi.nlm.nih.gov/Traces/sra/?run=SRR1502557,S117,pooled forest soil sample-S117,475,3161086,6846505,3,6,4,2014-07-09T00:00:00Z,2014-07-09
MDDBSRR000467,SRR1502559,https://trace.ncbi.nlm.nih.gov/Traces/sra/?run=SRR1502559,S119,pooled forest soil sample-S119,472,2315678,5047083,2,4,4,2014-07-09T00:00:00Z,2014-07-09
MDDBSRR000468,SRR1502560,https://trace.ncbi.nlm.nih.gov/Traces/sra/?run=SRR1502560,S120,pooled forest soil sample-S120,476,2190719,4768254,2,4,4,2014-07-09T00:00:00Z,2014-07-09
MDDBSRR000469,SRR1502558,https://trace.ncbi.nlm.nih.gov/Traces/sra/?run=SRR1502558,S118,pooled forest soil sample-S118,428,2148880,4906311,2,4,4,2014-07-09T00:00:00Z,2014-07-09
MDDBSRR000470,SRR1502553,https://trace.ncbi.nlm.nih.gov/Traces/sra/?run=SRR1502553,S112,pooled forest soil sample-S112,479,2722471,5898839,2,5,4,2014-07-09T00:00:00Z,2014-07-09
MDDBSRR000471,SRR1502539,https://trace.ncbi.nlm.nih.gov/Traces/sra/?run=SRR1502539,S098,pooled forest soil sample-S098,491,5381909,11582725,5,11,4,2014-07-09T00:00:00Z,2014-07-09
MDDBSRR000472,SRR1502540,https://trace.ncbi.nlm.nih.gov/Traces/sra/?run=SRR1502540,S099,pooled forest soil sample-S099,476,2763044,6035097,2,5,4,2014-07-09T00:00:00Z,2014-07-09
MDDBSRR000473,SRR1502541,https://trace.ncbi.nlm.nih.gov/Traces/sra/?run=SRR1502541,S100,pooled forest soil sample-S100,479,4136568,8999582,4,8,4,2014-07-09T00:00:00Z,2014-07-09
MDDBSRR000474,SRR1502542,https://trace.ncbi.nlm.nih.gov/Traces/sra/?run=SRR1502542,S101,pooled forest soil sample-S101,470,3489552,7621624,3,7,4,2014-07-09T00:00:00Z,2014-07-09
MDDBSRR000475,SRR1502671,https://trace.ncbi.nlm.nih.gov/Traces/sra/?run=SRR1502671,S244,pooled forest soil sample-S244,478,2189846,4758659,2,4,4,2014-07-09T00:00:00Z,2014-07-09
MDDBSRR000476,SRR1502667,https://trace.ncbi.nlm.nih.gov/Traces/sra/?run=SRR1502667,S239,pooled forest soil sample-S239,468,1815431,3975125,1,3,4,2014-07-09T00:00:00Z,2014-07-09
MDDBSRR000477,SRR1502672,https://trace.ncbi.nlm.nih.gov/Traces/sra/?run=SRR1502672,S245,pooled forest soil sample-S245,468,2104916,4620630,2,4,4,2014-07-09T00:00:00Z,2014-07-09
MDDBSRR000478,SRR1502416,https://trace.ncbi.nlm.nih.gov/Traces/sra/?run=SRR1502416,G2835,pooled forest soil sample-G2835,459,2342737,5252755,2,5,4,2014-07-09T00:00:00Z,2014-07-09
MDDBSRR000479,SRR1502415,https://trace.ncbi.nlm.nih.gov/Traces/sra/?run=SRR1502415,G2834,pooled forest soil sample-G2834,458,3160725,7022116,3,6,4,2014-07-09T00:00:00Z,2014-07-09
MDDBSRR000480,SRR1502670,https://trace.ncbi.nlm.nih.gov/Traces/sra/?run=SRR1502670,S243,pooled forest soil sample-S243,466,3524288,7710171,3,7,4,2014-07-09T00:00:00Z,2014-07-09
MDDBSRR000481,SRR1502543,https://trace.ncbi.nlm.nih.gov/Traces/sra/?run=SRR1502543,S102,pooled forest soil sample-S102,476,4103512,8837374,4,8,4,2014-07-09T00:00:00Z,2014-07-09
MDDBSRR000482,SRR1502485,https://trace.ncbi.nlm.nih.gov/Traces/sra/?run=SRR1502485,S041,pooled forest soil sample-S041,464,2198790,4925233,2,4,4,2014-07-09T00:00:00Z,2014-07-09
MDDBSRR000483,SRR1502486,https://trace.ncbi.nlm.nih.gov/Traces/sra/?run=SRR1502486,S042,pooled forest soil sample-S042,460,1861788,4213719,1,4,4,2014-07-09T00:00:00Z,2014-07-09
MDDBSRR000484,SRR1502629,https://trace.ncbi.nlm.nih.gov/Traces/sra/?run=SRR1502629,S199,pooled forest soil sample-S199,463,2957530,6589714,2,6,4,2014-07-09T00:00:00Z,2014-07-09
MDDBSRR000485,SRR1502630,https://trace.ncbi.nlm.nih.gov/Traces/sra/?run=SRR1502630,S200,pooled forest soil sample-S200,459,3244398,7274216,3,6,4,2014-07-09T00:00:00Z,2014-07-09
MDDBSRR000486,SRR1502591,https://trace.ncbi.nlm.nih.gov/Traces/sra/?run=SRR1502591,S161,pooled forest soil sample-S161,436,3147440,6986272,3,6,4,2014-07-09T00:00:00Z,2014-07-09
MDDBSRR000487,SRR1502592,https://trace.ncbi.nlm.nih.gov/Traces/sra/?run=SRR1502592,S162,pooled forest soil sample-S162,479,2793308,6065179,2,5,4,2014-07-09T00:00:00Z,2014-07-09
MDDBSRR000488,SRR1502673,https://trace.ncbi.nlm.nih.gov/Traces/sra/?run=SRR1502673,S247,pooled forest soil sample-S247,473,2327502,5088412,2,4,4,2014-07-09T00:00:00Z,2014-07-09
MDDBSRR000489,SRR1502674,https://trace.ncbi.nlm.nih.gov/Traces/sra/?run=SRR1502674,S248,pooled forest soil sample-S248,467,2632867,5742914,2,5,4,2014-07-09T00:00:00Z,2014-07-09
MDDBSRR000490,SRR1502512,https://trace.ncbi.nlm.nih.gov/Traces/sra/?run=SRR1502512,S071,pooled forest soil sample-S071,474,2516909,5644092,2,5,4,2014-07-09T00:00:00Z,2014-07-09
MDDBSRR000491,SRR1502659,https://trace.ncbi.nlm.nih.gov/Traces/sra/?run=SRR1502659,S230,pooled forest soil sample-S230,457,4610605,10159435,4,9,4,2014-07-09T00:00:00Z,2014-07-09
MDDBSRR000492,SRR1502513,https://trace.ncbi.nlm.nih.gov/Traces/sra/?run=SRR1502513,S072,pooled forest soil sample-S072,481,3025202,6702677,3,6,4,2014-07-09T00:00:00Z,2014-07-09
MDDBSRR000493,SRR1502588,https://trace.ncbi.nlm.nih.gov/Traces/sra/?run=SRR1502588,S150,pooled forest soil sample-S150,466,2437980,5335690,2,5,4,2014-07-09T00:00:00Z,2014-07-09
MDDBSRR000494,SRR1502627,https://trace.ncbi.nlm.nih.gov/Traces/sra/?run=SRR1502627,S197,pooled forest soil sample-S197,475,2506170,5574568,2,5,4,2014-07-09T00:00:00Z,2014-07-09
MDDBSRR000495,SRR1502628,https://trace.ncbi.nlm.nih.gov/Traces/sra/?run=SRR1502628,S198,pooled forest soil sample-S198,474,2349074,5217286,2,4,4,2014-07-09T00:00:00Z,2014-07-09
MDDBSRR000496,SRR1502626,https://trace.ncbi.nlm.nih.gov/Traces/sra/?run=SRR1502626,S196,pooled forest soil sample-S196,481,3056801,6795848,3,6,4,2014-07-09T00:00:00Z,2014-07-09
MDDBSRR000497,SRR1502587,https://trace.ncbi.nlm.nih.gov/Traces/sra/?run=SRR1502587,S149,pooled forest soil sample-S149,472,2980862,6491700,2,6,4,2014-07-09T00:00:00Z,2014-07-09
MDDBSRR000498,SRR1502425,https://trace.ncbi.nlm.nih.gov/Traces/sra/?run=SRR1502425,G2907,pooled forest soil sample-G2907,466,1544805,3441182,1,3,4,2014-07-09T00:00:00Z,2014-07-09
MDDBSRR000499,SRR1502426,https://trace.ncbi.nlm.nih.gov/Traces/sra/?run=SRR1502426,G2966,pooled forest soil sample-G2966,462,1849019,4122647,1,3,4,2014-07-09T00:00:00Z,2014-07-09
MDDBSRR000500,SRR1502427,https://trace.ncbi.nlm.nih.gov/Traces/sra/?run=SRR1502427,G2969,pooled forest soil sample-G2969,475,1893284,4217108,1,4,4,2014-07-09T00:00:00Z,2014-07-09
MDDBSRR000501,SRR1502509,https://trace.ncbi.nlm.nih.gov/Traces/sra/?run=SRR1502509,S068,pooled forest soil sample-S068,500,2602485,5747044,2,5,4,2014-07-09T00:00:00Z,2014-07-09
MDDBSRR000502,SRR1502646,https://trace.ncbi.nlm.nih.gov/Traces/sra/?run=SRR1502646,S217,pooled forest soil sample-S217,485,2514925,5559644,2,5,4,2014-07-09T00:00:00Z,2014-07-09
MDDBSRR000503,SRR1502647,https://trace.ncbi.nlm.nih.gov/Traces/sra/?run=SRR1502647,S218,pooled forest soil sample-S218,476,3263162,7154969,3,6,4,2014-07-09T00:00:00Z,2014-07-09
MDDBSRR000504,SRR1502645,https://trace.ncbi.nlm.nih.gov/Traces/sra/?run=SRR1502645,S216,pooled forest soil sample-S216,481,2256516,4983759,2,4,4,2014-07-09T00:00:00Z,2014-07-09
MDDBSRR000505,SRR1502648,https://trace.ncbi.nlm.nih.gov/Traces/sra/?run=SRR1502648,S219,pooled forest soil sample-S219,479,2638343,5863506,2,5,4,2014-07-09T00:00:00Z,2014-07-09
MDDBSRR000506,SRR1502649,https://trace.ncbi.nlm.nih.gov/Traces/sra/?run=SRR1502649,S220,pooled forest soil sample-S220,505,3969187,8732772,3,8,4,2014-07-09T00:00:00Z,2014-07-09
MDDBSRR000507,SRR1502651,https://trace.ncbi.nlm.nih.gov/Traces/sra/?run=SRR1502651,S222,pooled forest soil sample-S222,486,8090713,17866732,8,17,4,2014-07-09T00:00:00Z,2014-07-09
MDDBSRR000508,SRR1502625,https://trace.ncbi.nlm.nih.gov/Traces/sra/?run=SRR1502625,S195,pooled forest soil sample-S195,489,4330110,9528291,4,9,4,2014-07-09T00:00:00Z,2014-07-09
MDDBSRR000509,SRR1502624,https://trace.ncbi.nlm.nih.gov/Traces/sra/?run=SRR1502624,S194,pooled forest soil sample-S194,461,2836442,6307465,2,6,4,2014-07-09T00:00:00Z,2014-07-09
MDDBSRR000510,SRR1502650,https://trace.ncbi.nlm.nih.gov/Traces/sra/?run=SRR1502650,S221,pooled forest soil sample-S221,476,3161932,6966277,3,6,4,2014-07-09T00:00:00Z,2014-07-09
MDDBSRR000511,SRR1502653,https://trace.ncbi.nlm.nih.gov/Traces/sra/?run=SRR1502653,S224,pooled forest soil sample-S224,465,1941574,4253576,1,4,4,2014-07-09T00:00:00Z,2014-07-09
MDDBSRR000512,SRR1502652,https://trace.ncbi.nlm.nih.gov/Traces/sra/?run=SRR1502652,S223,pooled forest soil sample-S223,462,2775463,6059378,2,5,4,2014-07-09T00:00:00Z,2014-07-09
